Forest,BurnType,TakedownDate,TrapType,TreeNumber,TimePoint,TrapDestroyed,VialNumber,LabelCode,PrelimID,Order,Count,Family,Genus,Specimen ID,Guild,Sex,det,Preservation,Notes
sgl322,recent,2025-06-09,clear vane,1,1,no,1,"322, CV 1, 2025-6-9, V1",zebra Ichneumonid,Hymenoptera,1,Ichneumonidae,,,parasitoid,,,ethanol,
sgl322,recent,2025-06-09,clear vane,1,1,no,1,"322, CV 1, 2025-6-9, V1",poss Augochlora pura,Hymenoptera,1,Halictidae,,,pollinator,,,,
sgl322,recent,2025-06-09,clear vane,1,1,no,1,"322, CV 1, 2025-6-9, V1",poss Cyrtolobus,Hemiptera,1,Membracidae,,,herbivore,,,,
sgl322,recent,2025-06-09,clear vane,1,1,no,1,"322, CV 1, 2025-6-9, V1",spongy moth,Lepidoptera,1,Erebidae,Lymantria,dispar,herbivore,,,,
sgl322,recent,2025-06-09,clear vane,1,1,no,1,"322, CV 1, 2025-6-9, V1",Histerid adult,Coleoptera,1,Histeridae,,,predator,,,,
sgl322,recent,2025-06-09,clear vane,1,1,no,1,"322, CV 1, 2025-6-9, V1",tiny (3 mm or so) adult staphylind,Coleoptera,1,Staphylindae,,,?,,,,
sgl322,recent,2025-06-09,clear vane,1,1,no,1,"322, CV 1, 2025-6-9, V1",carabid adult,Coleoptera,1,Carabidae,,,predator,,,,
sgl322,recent,2025-06-09,clear vane,1,1,no,1,"322, CV 1, 2025-6-9, V1",scarab adult,Coleoptera,1,Scarabaeidae,,,herbivore,,,,
sgl322,recent,2025-06-09,clear vane,1,1,no,1,"322, CV 1, 2025-6-9, V1",big scarab adult,Coleoptera,1,Scarabaeidae,,,herbivore,,,,
sgl322,recent,2025-06-09,clear vane,1,1,no,1,"322, CV 1, 2025-6-9, V1","aphid, winged",Hemiptera,1,Aphididae,,,herbivore,,,,
sgl322,recent,2025-06-09,clear vane,1,1,no,1,"322, CV 1, 2025-6-9, V1","bark louse adult, probably Psocomorpha",Psocodea,1,,,,?,,,,
sgl322,recent,2025-06-09,clear vane,1,1,no,1,"322, CV 1, 2025-6-9, V1",Phorid adult,Diptera,1,Phoridae,,,decomposer?,,,,
sgl322,recent,2025-06-09,clear vane,1,1,no,1,"322, CV 1, 2025-6-9, V1",thrips = 27,Thysanoptera,27,,,,herbivore,,,,"not stuck on wings, floating in ethanol"
sgl322,recent,2025-06-09,clear vane,1,1,no,1,"322, CV 1, 2025-6-9, V1",thrips = 15,Thysanoptera,15,,,,,,,,stuck on the wing of the sticky cicada
sgl322,recent,2025-06-09,clear vane,1,1,no,1,"322, CV 1, 2025-6-9, V1",Phoridae adult stuck on wing,Diptera,1,Phoridae,,,,,,,stuck on the wing of the sticky cicada
sgl322,recent,2025-06-09,clear vane,1,1,no,1,"322, CV 1, 2025-6-9, V1",Staph adult,Coleoptera,1,Staphylinidae,,,?,,,,stuck on the wing of the sticky cicada
sgl322,recent,2025-06-09,clear vane,1,1,no,1,"322, CV 1, 2025-6-9, V1",Phylloxerid adult,Hemiptera,1,Phylloxeridae,,,herbivore,,,,stuck on the wing of the sticky cicada
sgl322,recent,2025-06-09,clear vane,1,1,no,1,"322, CV 1, 2025-6-9, V1",Magicicada adult,Hemiptera,1,Cicadidae,Magicicada,,herbivore,,,,
sgl322,recent,2025-06-09,clear vane,1,1,no,1,"322, CV 1, 2025-6-9, V1",Magicicada adult,Hemiptera,1,Cicadidae,Magicicada,,herbivore,,,,
sgl322,recent,2025-06-09,clear vane,1,1,no,1,"322, CV 1, 2025-6-9, V1",Magicicada adult,Hemiptera,1,Cicadidae,Magicicada,,herbivore,,,,
sgl322,recent,2025-06-09,clear vane,1,1,no,1,"322, CV 1, 2025-6-9, V1",Magicicada adult,Hemiptera,1,Cicadidae,Magicicada,,herbivore,,,,
sgl322,recent,2025-06-09,clear vane,1,1,no,1,"322, CV 1, 2025-6-9, V1",Magicicada adult,Hemiptera,1,Cicadidae,Magicicada,,herbivore,,,,
sgl322,recent,2025-06-09,clear vane,1,1,no,1,"322, CV 1, 2025-6-9, V1",Magicicada adult,Hemiptera,1,Cicadidae,Magicicada,,herbivore,,,,
sgl322,recent,2025-06-09,clear vane,1,1,no,1,"322, CV 1, 2025-6-9, V1",Magicicada adult,Hemiptera,1,Cicadidae,Magicicada,,herbivore,,,,
sgl322,recent,2025-06-09,clear vane,1,1,no,1,"322, CV 1, 2025-6-9, V1",unwinged ant,Hymenoptera,1,Formicidae,,,?,,,,
sgl322,recent,2025-06-09,clear vane,1,1,no,1,"322, CV 1, 2025-6-9, V1",shield bug,Hemiptera,1,Pentatomidae,,,?,,,,
sgl322,recent,2025-06-09,clear vane,1,1,no,1,"322, CV 1, 2025-6-9, V1",staph adult,Coleoptera,1,Staphylinidae,,,?,,,,
sgl322,recent,2025-06-09,clear vane,1,1,no,1,"322, CV 1, 2025-6-9, V1",scolytin adult,Coleoptera,1,Curculionidae,,,herbivore,,,,scolytininae adult
sgl322,recent,2025-06-09,clear vane,1,1,no,1,"322, CV 1, 2025-6-9, V1",scolytin adult,Coleoptera,1,Curculionidae,,,herbivore,,,,scolytininae adult
sgl322,recent,2025-06-09,clear vane,1,1,no,1,"322, CV 1, 2025-6-9, V1",mordellid adult,Coleoptera,1,Mordellidae,,,?,,,,I think mordellids are herbivores
sgl322,recent,2025-06-09,clear vane,1,1,no,1,"322, CV 1, 2025-6-9, V1",mites = 5,Acari,5,,,,,,,,"4 found latched onto the Histerid beetle. 1 mite free floating, but it looked similar to the Histerid mites"
sgl322,recent,2025-06-09,clear vane,1,1,no,1,"322, CV 1, 2025-6-9, V1","aphid, winged",Hemiptera,1,Aphididae,,,herbivore,,,,
sgl322,recent,2025-06-09,clear vane,1,1,no,1,"322, CV 1, 2025-6-9, V1",Mycetophilid gnat,Diptera,1,Mycetophilidae,,,?,,,,"decomposer? eat's fungus, so what is its functional role?"
sgl322,recent,2025-06-09,clear vane,1,1,no,1,"322, CV 1, 2025-6-9, V1",Mycetophilid gnat,Diptera,1,Mycetophilidae,,,?,,,,
sgl322,recent,2025-06-09,clear vane,1,1,no,1,"322, CV 1, 2025-6-9, V1",1 beetle left un-identified in a new vial,Coleoptera,1,,,,,,,,
sgl322,recent,2025-06-09,clear vane,1,1,no,1,"322, CV 1, 2025-6-9, V1",1 fly left un-identified in a new vial,Diptera,1,,,,,,,,
sgl322,recent,2025-06-09,clear vane,1,1,no,1,"322, CV 1, 2025-6-9, Cheesecloth",thrips,Thysanoptera,230,,,,,,,,
sgl322,recent,2025-06-09,clear vane,1,1,no,1,"322, CV 1, 2025-6-9, Cheesecloth",aphids,Hemiptera,7,,,,,,,,
sgl322,recent,2025-06-09,clear vane,1,1,no,1,"322, CV 1, 2025-6-9, Cheesecloth",flies,Diptera,5,,,,,,,,
sgl322,recent,2025-06-09,clear vane,1,1,no,1,"322, CV 1, 2025-6-9, Cheesecloth",neonate katydid? tree cricket?,Orthoptera,1,,,,,,,,
sgl322,recent,2025-06-09,clear vane,1,1,no,1,"322, CV 1, 2025-6-9, Cheesecloth",beetles,Coleoptera,3,,,,,,,,
sgl322,recent,2025-06-09,clear vane,1,1,no,1,"322, CV 1, 2025-6-9, Cheesecloth",wasps,Hymenoptera,2,,,,,,,,
sgl322,recent,2025-06-09,clear vane,1,1,no,1,"322, CV 1, 2025-6-9, Cheesecloth",mites,Acari,5,,,,,,,,
,,,,,,,,,,,,,,,,,,,
,,,,,,,,,,,,,,,,,,,
sgl322,recent,2025-06-09,clear vane,1,1,no,2,"322, CV 1, 2025-6-9, V2",thrips = 8,Thysanoptera,8,,,,,,,,
sgl322,recent,2025-06-09,clear vane,1,1,no,2,"322, CV 1, 2025-6-9, V2",thrips on cicadas = 13,Thysanoptera,13,,,,,,,,
sgl322,recent,2025-06-09,clear vane,1,1,no,2,"322, CV 1, 2025-6-9, V2",cicada,Hemiptera,1,Cicadidae,Magicicada,,herbivore,,,,
sgl322,recent,2025-06-09,clear vane,1,1,no,2,"322, CV 1, 2025-6-9, V2",cicada,Hemiptera,1,Cicadidae,Magicicada,,herbivore,,,,
sgl322,recent,2025-06-09,clear vane,1,1,no,2,"322, CV 1, 2025-6-9, V2",cicada,Hemiptera,1,Cicadidae,Magicicada,,herbivore,,,,
sgl322,recent,2025-06-09,clear vane,1,1,no,2,"322, CV 1, 2025-6-9, V2",cicada,Hemiptera,1,Cicadidae,Magicicada,,herbivore,,,,
sgl322,recent,2025-06-09,clear vane,1,1,no,2,"322, CV 1, 2025-6-9, V2",cicada,Hemiptera,1,Cicadidae,Magicicada,,herbivore,,,,
sgl322,recent,2025-06-09,clear vane,1,1,no,2,"322, CV 1, 2025-6-9, V2",cicada,Hemiptera,1,Cicadidae,Magicicada,,herbivore,,,,
sgl322,recent,2025-06-09,clear vane,1,1,no,2,"322, CV 1, 2025-6-9, V2",cicada,Hemiptera,1,Cicadidae,Magicicada,,herbivore,,,,
sgl322,recent,2025-06-09,clear vane,1,1,no,2,"322, CV 1, 2025-6-9, V2","wood cockroach, winged adult",Blattodea,1,Ectobiidae,Parcoblatta?,,?,,,,
sgl322,recent,2025-06-09,clear vane,1,1,no,2,"322, CV 1, 2025-6-9, V2","aphid, winged",Hemiptera,1,Aphididae,,,herbivore,,,,
sgl322,recent,2025-06-09,clear vane,1,1,no,2,"322, CV 1, 2025-6-9, V2",aphid immature?,Hemiptera,1,Aphididae?,,,herbivore,,,,
sgl322,recent,2025-06-09,clear vane,1,1,no,2,"322, CV 1, 2025-6-9, V2",bark louse adult,Psocodea,1,,,,herbivore,,,,"head was removed and then found again. If the head is a correct match, then this is a bark louse"
sgl322,recent,2025-06-09,clear vane,1,1,no,2,"322, CV 1, 2025-6-9, V2",cicadellid adult,Hemiptera,1,Cicadellidae,,,herbivore,,,,
sgl322,recent,2025-06-09,clear vane,1,1,no,2,"322, CV 1, 2025-6-9, V2",psyllid adult,Hemiptera,1,Psyllidae,,,herbivore,,,,
sgl322,recent,2025-06-09,clear vane,1,1,no,2,"322, CV 1, 2025-6-9, V2","adult stink bug, BUT ACTUALLY a mirid. Look for the two closed cells and the cuneus",Hemiptera,1,Miridae,,,herbivore,,,,
sgl322,recent,2025-06-09,clear vane,1,1,no,2,"322, CV 1, 2025-6-9, V2","small, adult staphs (21 total)",Coleoptera,1,Staphylinidae,,,?,,,,
sgl322,recent,2025-06-09,clear vane,1,1,no,2,"322, CV 1, 2025-6-9, V2","small, adult staphs (21 total)",Coleoptera,1,Staphylinidae,,,?,,,,
sgl322,recent,2025-06-09,clear vane,1,1,no,2,"322, CV 1, 2025-6-9, V2","small, adult staphs (21 total)",Coleoptera,1,Staphylinidae,,,?,,,,
sgl322,recent,2025-06-09,clear vane,1,1,no,2,"322, CV 1, 2025-6-9, V2","small, adult staphs (21 total)",Coleoptera,1,Staphylinidae,,,?,,,,
sgl322,recent,2025-06-09,clear vane,1,1,no,2,"322, CV 1, 2025-6-9, V2","small, adult staphs (21 total)",Coleoptera,1,Staphylinidae,,,?,,,,
sgl322,recent,2025-06-09,clear vane,1,1,no,2,"322, CV 1, 2025-6-9, V2","small, adult staphs (21 total)",Coleoptera,1,Staphylinidae,,,?,,,,
sgl322,recent,2025-06-09,clear vane,1,1,no,2,"322, CV 1, 2025-6-9, V2","small, adult staphs (21 total)",Coleoptera,1,Staphylinidae,,,?,,,,
sgl322,recent,2025-06-09,clear vane,1,1,no,2,"322, CV 1, 2025-6-9, V2","small, adult staphs (21 total)",Coleoptera,1,Staphylinidae,,,?,,,,
sgl322,recent,2025-06-09,clear vane,1,1,no,2,"322, CV 1, 2025-6-9, V2","small, adult staphs (21 total)",Coleoptera,1,Staphylinidae,,,?,,,,
sgl322,recent,2025-06-09,clear vane,1,1,no,2,"322, CV 1, 2025-6-9, V2","small, adult staphs (21 total)",Coleoptera,1,Staphylinidae,,,?,,,,
sgl322,recent,2025-06-09,clear vane,1,1,no,2,"322, CV 1, 2025-6-9, V2","small, adult staphs (21 total)",Coleoptera,1,Staphylinidae,,,?,,,,
sgl322,recent,2025-06-09,clear vane,1,1,no,2,"322, CV 1, 2025-6-9, V2","small, adult staphs (21 total)",Coleoptera,1,Staphylinidae,,,?,,,,
sgl322,recent,2025-06-09,clear vane,1,1,no,2,"322, CV 1, 2025-6-9, V2","small, adult staphs (21 total)",Coleoptera,1,Staphylinidae,,,?,,,,
sgl322,recent,2025-06-09,clear vane,1,1,no,2,"322, CV 1, 2025-6-9, V2","small, adult staphs (21 total)",Coleoptera,1,Staphylinidae,,,?,,,,
sgl322,recent,2025-06-09,clear vane,1,1,no,2,"322, CV 1, 2025-6-9, V2","small, adult staphs (21 total)",Coleoptera,1,Staphylinidae,,,?,,,,
sgl322,recent,2025-06-09,clear vane,1,1,no,2,"322, CV 1, 2025-6-9, V2","small, adult staphs (21 total)",Coleoptera,1,Staphylinidae,,,?,,,,
sgl322,recent,2025-06-09,clear vane,1,1,no,2,"322, CV 1, 2025-6-9, V2","small, adult staphs (21 total)",Coleoptera,1,Staphylinidae,,,?,,,,
sgl322,recent,2025-06-09,clear vane,1,1,no,2,"322, CV 1, 2025-6-9, V2","small, adult staphs (21 total)",Coleoptera,1,Staphylinidae,,,?,,,,
sgl322,recent,2025-06-09,clear vane,1,1,no,2,"322, CV 1, 2025-6-9, V2","small, adult staphs (21 total)",Coleoptera,1,Staphylinidae,,,?,,,,
sgl322,recent,2025-06-09,clear vane,1,1,no,2,"322, CV 1, 2025-6-9, V2","small, adult staphs (21 total)",Coleoptera,1,Staphylinidae,,,?,,,,
sgl322,recent,2025-06-09,clear vane,1,1,no,2,"322, CV 1, 2025-6-9, V2","small, adult staphs (21 total)",Coleoptera,1,Staphylinidae,,,?,,,,
sgl322,recent,2025-06-09,clear vane,1,1,no,2,"322, CV 1, 2025-6-9, V2","slightly less small, adult staph",Coleoptera,1,Staphylinidae,,,?,,,,
sgl322,recent,2025-06-09,clear vane,1,1,no,2,"322, CV 1, 2025-6-9, V2",blue rove beetle,Coleoptera,1,Staphylinidae,,,?,,,,probably a predator
sgl322,recent,2025-06-09,clear vane,1,1,no,2,"322, CV 1, 2025-6-9, VColeoptera",beetles,Coleoptera,33,,,,,,,,
sgl322,recent,2025-06-09,clear vane,1,1,no,2,"322, CV 1, 2025-6-9, VHymenoptera",bees and ants mostly,Hymenoptera,8,,,,,,,,
sgl322,recent,2025-06-09,clear vane,1,1,no,2,"322, CV 1, 2025-6-9, VDiptera",flies,Diptera,17,,,,,,,,
sgl322,recent,2025-06-09,clear vane,1,1,no,3,"322, CV 1, 2025-6-9, Miscellaneous","wood cockroach, winged adult",Blattodea,1,,,,,,,,
sgl322,recent,2025-06-09,clear vane,1,1,no,3,"322, CV 1, 2025-6-9, Miscellaneous","grasshopper, reddish orange",Orthoptera,1,,,,,,,,
sgl322,recent,2025-06-09,clear vane,1,1,no,3,"322, CV 1, 2025-6-9, Miscellaneous",,Lepidoptera,1,,,,,,,,
sgl322,recent,2025-06-09,clear vane,1,1,no,3,"322, CV 1, 2025-6-9, Miscellaneous",,Opiliones,3,,,,,,,,
sgl322,recent,2025-06-09,clear vane,1,1,no,3,"322, CV 1, 2025-6-9, Miscellaneous","springtails, bluish and Entomobryomorpha looking",Collembola,2,,,,,,,,
sgl322,recent,2025-06-09,clear vane,1,1,no,3,"322, CV 1, 2025-6-9, Hemiptera","hoppers, cicadas, true bugs",Hemiptera,14,,,,,,,,
sgl322,recent,2025-06-09,clear vane,1,1,no,3,"322, CV 1, 2025-6-9, VColeoptera",beetles,Coleoptera,21,,,,,,,,
sgl322,recent,2025-06-09,clear vane,1,1,no,3,"322, CV 1, 2025-6-9, VHymenoptera","mostly Halictids, some ants, bees, and wasps",Hymenoptera,19,,,,,,,,
sgl322,recent,2025-06-09,clear vane,1,1,no,3,"322, CV 1, 2025-6-9, VDiptera",flies,Diptera,15,,,,,,,,
sgl322,recent,2025-06-09,clear vane,1,1,no,3,"322, CV 1, 2025-6-9, Miscellaneous",mites,Acari,10,,,,,,,,
sgl322,recent,2025-06-09,clear vane,1,1,no,3,"322, CV 1, 2025-6-9, Miscellaneous",thrips,Thysanoptera,311,,,,,,,,
sgl322,recent,2025-06-09,clear vane,1,1,no,4,"322, CV 1, 2025-6-9, Miscellaneous",mites,Acari,14,,,,,,,,
sgl322,recent,2025-06-09,clear vane,1,1,no,4,"322, CV 1, 2025-6-9, Miscellaneous","1 caterpillar, probably Geometridae",Lepidoptera,1,,,,,,,,
sgl322,recent,2025-06-09,clear vane,1,1,no,4,"322, CV 1, 2025-6-9, Hemiptera","true bugs, hoppers, aphids, and psyllids",Hemiptera,18,,,,,,,,
sgl322,recent,2025-06-09,clear vane,1,1,no,4,"322, CV 1, 2025-6-9, VColeoptera",beetles,Coleoptera,129,,,,,,,,
sgl322,recent,2025-06-09,clear vane,1,1,no,4,"322, CV 1, 2025-6-9, VHymenoptera","Halictids, some bees, some wasps",Hymenoptera,17,,,,,,,,
sgl322,recent,2025-06-09,clear vane,1,1,no,4,"322, CV 1, 2025-6-9, VDiptera",flies,Diptera,30,,,,,,,,
sgl322,recent,2025-06-09,clear vane,1,1,no,4,"322, CV 1, 2025-6-9, Miscellaneous",thrips,Thysanoptera,156,,,,,,,,
,,,,,,,,,,,,,,,,,,,
sgl322,recent,2025-06-09,clear vane,4,1,no,1,"322, CV 4, 2025-6-9, Coleoptera",Acari on beetles,Acari,4,,,,,,,,
sgl322,recent,2025-06-09,clear vane,4,1,no,1,"322, CV 4, 2025-6-9","cicadas, hoppers, and aphids",Hemiptera,29,,,,,,,,
sgl322,recent,2025-06-09,clear vane,4,1,no,1,"322, CV 4, 2025-6-9, Misc","wood roaches, winged adults",Blattodea,6,,,,,,,,
sgl322,recent,2025-06-09,clear vane,4,1,no,1,"322, CV 4, 2025-6-9, Misc",Neuroptera nymph,Neuroptera,1,,,,,,,,
sgl322,recent,2025-06-09,clear vane,4,1,no,1,"322, CV 4, 2025-6-9, Misc",bark lice,Psocodea,4,,,,,,,,
sgl322,recent,2025-06-09,clear vane,4,1,no,1,"322, CV 4, 2025-6-9",tree crickets,Orthoptera,2,,,,,,,,
sgl322,recent,2025-06-09,clear vane,4,1,no,1,"322, CV 4, 2025-6-9",spiders,Araneae,9,,,,,,,,
sgl322,recent,2025-06-09,clear vane,4,1,no,1,"322, CV 4, 2025-6-9",mites,Acari,15,,,,,,,,
sgl322,recent,2025-06-09,clear vane,4,1,no,1,"322, CV 4, 2025-6-9, Coleoptera",beetles,Coleoptera,199,,,,,,,,
sgl322,recent,2025-06-09,clear vane,4,1,no,1,"322, CV 4, 2025-6-9, Hymenoptera","Halictids, some ants, some small wasps, 1 Ichneumonoid",Hymenoptera,28,,,,,,,,
sgl322,recent,2025-06-09,clear vane,4,1,no,1,"322, CV 4, 2025-6-9, Misc",1 small spotted caterpillar and 2 primitive looking moths. Big tusks by mouthparts,Lepidoptera,4,,,,,,,,
sgl322,recent,2025-06-09,clear vane,4,1,no,1,"322, CV 4, 2025-6-9, Diptera",flies,Diptera,102,,,,,,,,
sgl322,recent,2025-06-09,clear vane,4,1,no,1,"322, CV 4, 2025-6-9, Misc",thrips,Thysanoptera,398,,,,,,,,2 flies mixed in with the thrips. They were put with the flies
sgl322,recent,2025-06-09,clear vane,4,1,no,1,"322, CV 4, 2025-6-9, Misc",harvestmen,Opiliones,2,,,,,,,,
sgl322,recent,2025-06-09,clear vane,4,1,no,1,"322, CV 4, 2025-6-9, Misc",springtails,Collembola,3,,,,,,,,
,,,,,,,,,,,,,,,,,,,
sgl322,medium,2025-06-10,clear vane,7,1,no,1,"322, CV 7, 2025-6-10, Hemiptera","a Membracid, many nymphal aphids and hoppers",Hemiptera,25,,,,,,,,
sgl322,medium,2025-06-10,clear vane,7,1,no,1,"322, CV 7, 2025-6-10, Misc",winged wood roaches,Blattodea,6,,,,,,,,
sgl322,medium,2025-06-10,clear vane,7,1,no,1,"322, CV 7, 2025-6-10, Misc","two caterpillars, two skippers, two small moths",Lepidoptera,6,,,,,,,,
sgl322,medium,2025-06-10,clear vane,7,1,no,1,"322, CV 7, 2025-6-10, Misc",springtails ,Collembola,6,,,,,,,,
sgl322,medium,2025-06-10,clear vane,7,1,no,1,"322, CV 7, 2025-6-10, Misc",bark louse,Psocodea,1,,,,,,,,
sgl322,medium,2025-06-10,clear vane,7,1,no,1,"322, CV 7, 2025-6-10, Misc",harvestman,Opiliones,1,,,,,,,,
sgl322,medium,2025-06-10,clear vane,7,1,no,1,"322, CV 7, 2025-6-10, Misc",mites,Acari,5,,,,,,,,
sgl322,medium,2025-06-10,clear vane,7,1,no,1,"322, CV 7, 2025-6-10, Coleoptera","beetles, and 1 Meloid triungulin",Coleoptera,244,,,,,,,,
sgl322,medium,2025-06-10,clear vane,7,1,no,1,"322, CV 7, 2025-6-10, Coleoptera",mites on a Silphid beetle,Acari,4,,,,,,,,
sgl322,medium,2025-06-10,clear vane,7,1,no,1,"322, CV 7, 2025-6-10, Coleoptera",thrips stuck in beetles,Thysanoptera,1,,,,,,,,
sgl322,medium,2025-06-10,clear vane,7,1,no,1,"322, CV 7, 2025-6-10, Hymenoptera","small wasps, some ants, many Halictids",Hymenoptera,52,,,,,,,,
sgl322,medium,2025-06-10,clear vane,7,1,no,1,"322, CV 7, 2025-6-10, Diptera","flies, and 2 larval Dipterans",Diptera,70,,,,,,,,
sgl322,medium,2025-06-10,clear vane,7,1,no,1,"322, CV 7, 2025-6-10, Misc",thrips,Thysanoptera,217,,,,,,,,
sgl322,medium,2025-06-10,clear vane,7,1,no,2,"322, CV7, 2025-06-10, Cheesecloth, Thysanoptera",thrips,Thysanoptera,1083,,,,,,,,
sgl322,medium,2025-06-10,clear vane,7,1,no,2,"322, CV7, 2025-06-10, Cheesecloth, Coleoptera",beetles,Coleoptera,7,,,,,,,,
sgl322,medium,2025-06-10,clear vane,7,1,no,2,"322, CV7, 2025-06-10, Cheesecloth, Diptera",flies,Diptera,24,,,,,,,,
sgl322,medium,2025-06-10,clear vane,7,1,no,2,"322, CV7, 2025-06-10, Cheesecloth, Hemiptera","aphids, adelgids",Hemiptera,30,,,,,,,,
sgl322,medium,2025-06-10,clear vane,7,1,no,2,"322, CV7, 2025-06-10, Cheesecloth, Hymenoptera",small wasps,Hymenoptera,6,,,,,,,,
sgl322,medium,2025-06-10,clear vane,7,1,no,2,"322, CV7, 2025-06-10, Cheesecloth, Collembola",springtails ,Collembola,18,,,,,,,,
sgl322,medium,2025-06-10,clear vane,7,1,no,2,"322, CV7, 2025-06-10, Cheesecloth, Collembola",mites,Acari,6,,,,,,,,
sgl322,medium,2025-06-10,clear vane,7,1,no,2,"322, CV7, 2025-06-10, Cheesecloth, Collembola",larva,Lepidoptera,2,,,,,,,,
sgl322,medium,2025-06-10,clear vane,7,1,no,2,"322, CV7, 2025-06-10, Cheesecloth, Collembola",flies,Diptera,2,,,,,,,,
,,,,,,,,,,,,,,,,,,,
,,,,,,,,,,,,,,,,,,,
sgl322,unburned,2025-06-10,clear vane,13,1,no,1,"322, CV 13, 2025-6-10, Hemiptera","aphids, some hoppers, some bugs, and a flat bug!",Hemiptera,21,,,,,,,,
sgl322,unburned,2025-06-10,clear vane,13,1,no,1,"322, CV 13, 2025-6-10, Misc",a broken apart millipede,Diplopoda,1,,,,,,,,
sgl322,unburned,2025-06-10,clear vane,13,1,no,1,"322, CV 13, 2025-6-10",winged wood roaches,Blattodea,5,,,,,,,,
sgl322,unburned,2025-06-10,clear vane,13,1,no,1,"322, CV 13, 2025-6-10, Misc","3 moth caterpillars, 2 moths",Lepidoptera,5,,,,,,,,
sgl322,unburned,2025-06-10,clear vane,13,1,no,1,"322, CV 13, 2025-6-10, Misc",spiders,Araneae,4,,,,,,,,
sgl322,unburned,2025-06-10,clear vane,13,1,no,1,"322, CV 13, 2025-6-10, Misc",bark lice,Psocodea,2,,,,,,,,
sgl322,unburned,2025-06-10,clear vane,13,1,no,1,"322, CV 13, 2025-6-10",springtails,Collembola,9,,,,,,,,
sgl322,unburned,2025-06-10,clear vane,13,1,no,1,"322, CV 13, 2025-6-10, Misc",mites,Acari,9,,,,,,,,
sgl322,unburned,2025-06-10,clear vane,13,1,no,1,"322, CV 13, 2025-6-10, Coleoptera",beetles,Coleoptera,209,,,,,,,,
sgl322,unburned,2025-06-10,clear vane,13,1,no,1,"322, CV 13, 2025-6-10, Coleoptera",1 mite on a Histerid,Acari,1,,,,,,,,
sgl322,unburned,2025-06-10,clear vane,13,1,no,1,"322, CV 13, 2025-6-10, Hymenoptera","ants, Halictids, small wasps, some parasitoids",Hymenoptera,11,,,,,,,,
sgl322,unburned,2025-06-10,clear vane,13,1,no,1,"322, CV 13, 2025-6-10, Diptera",flies,Diptera,65,,,,,,,,
sgl322,unburned,2025-06-10,clear vane,13,1,no,1,"322, CV 13, 2025-6-10, Misc",thrips,Thysanoptera,7,,,,,,,,
sgl322,unburned,2025-06-10,clear vane,13,1,no,1,"322, CV 13, 2025-6-10, Cheesecloth",thrips,Thysanoptera,53,,,,,,,,
sgl322,unburned,2025-06-10,clear vane,13,1,no,1,"322, CV 13, 2025-6-10, Cheesecloth",beetles,Coleoptera,9,,,,,,,,
sgl322,unburned,2025-06-10,clear vane,13,1,no,1,"322, CV 13, 2025-6-10, Cheesecloth","flies, 1 maggot",Diptera,36,,,,,,,,
sgl322,unburned,2025-06-10,clear vane,13,1,no,1,"322, CV 13, 2025-6-10, Cheesecloth","aphids, adelgids",Hemiptera,21,,,,,,,,
sgl322,unburned,2025-06-10,clear vane,13,1,no,1,"322, CV 13, 2025-6-10, Cheesecloth",1 neonate larva,Lepidoptera,1,,,,,,,,
sgl322,unburned,2025-06-10,clear vane,13,1,no,1,"322, CV 13, 2025-6-10, Cheesecloth",springtails,Collembola,26,,,,,,,,
sgl322,unburned,2025-06-10,clear vane,13,1,no,1,"322, CV 13, 2025-6-10, Cheesecloth",mites,Acari,27,,,,,,,,
sgl322,unburned,2025-06-10,clear vane,13,1,no,1,"322, CV 13, 2025-6-10, Cheesecloth",tiny red eye wasp,Hymenoptera,1,,,,,,,,
,,,,,,,,,,,,,,,,,,,
,,,,,,,,,,,,,,,,,,,
besf,recent,2025-07-03,clear vane,19,1,no,1,"besf, CV 19, 2025-7-3, Misc","large butterfly, 4 small moths",Lepidoptera,5,,,,,,,,
besf,recent,2025-07-03,clear vane,19,1,no,1,"besf, CV 19, 2025-7-3, Misc",1 bark louse,Psocodea,1,,,,,,,,
besf,recent,2025-07-03,clear vane,19,1,no,1,"besf, CV 19, 2025-7-3, Misc",spiders,Araneae,7,,,,,,,,
besf,recent,2025-07-03,clear vane,19,1,no,1,"besf, CV 19, 2025-7-3, Misc",springtails,Collembola,9,,,,,,,,
besf,recent,2025-07-03,clear vane,19,1,no,1,"besf, CV 19, 2025-7-3, Misc",mites,Acari,9,,,,,,,,
besf,recent,2025-07-03,clear vane,19,1,no,1,"besf, CV 19, 2025-7-3, Hemiptera","Cicadellids, aphids, and some others",Hemiptera,39,,,,,,,,
besf,recent,2025-07-03,clear vane,19,1,no,1,"besf, CV 19, 2025-7-3, Coleoptera",beetles,Coleoptera,126,,,,,,,,
besf,recent,2025-07-03,clear vane,19,1,no,1,"besf, CV 19, 2025-7-3, Hymenoptera","many ants, some bees, wasps, and tiny wasps",Hymenoptera,79,,,,,,,,
besf,recent,2025-07-03,clear vane,19,1,no,1,"besf, CV 19, 2025-7-3, Diptera",flies,Diptera,175,,,,,,,,
besf,recent,2025-07-03,clear vane,19,1,no,1,"besf, CV 19, 2025-7-3, Misc",thrips,Thysanoptera,1091,,,,,,,,SO MANY THRIPS. Took me at least 2 hours to count them all.
besf,recent,2025-07-03,clear vane,19,1,no,1,"besf, CV 19, 2025-7-3, Cheesecloth-Thrips",thrips,Thysanoptera,2537,,,,,,,,
besf,recent,2025-07-03,clear vane,19,1,no,1,"besf, CV 19, 2025-7-3, Cheesecloth-Misc","flies, some larvae",Diptera,50,,,,,,,,
besf,recent,2025-07-03,clear vane,19,1,no,1,"besf, CV 19, 2025-7-3, Cheesecloth-Misc",tiny wasps,Hymenoptera,14,13,,,,,,,
besf,recent,2025-07-03,clear vane,19,1,no,1,"besf, CV 19, 2025-7-3, Cheesecloth-Misc",beetles,Coleoptera,3,,,,,,,,
besf,recent,2025-07-03,clear vane,19,1,no,1,"besf, CV 19, 2025-7-3, Cheesecloth-Misc",springtails,Collembola,22,,,,,,,,
besf,recent,2025-07-03,clear vane,19,1,no,1,"besf, CV 19, 2025-7-3, Cheesecloth-Misc",mites,Acari,7,,,,,,,,
besf,recent,2025-07-03,clear vane,19,1,no,1,"besf, CV 19, 2025-7-3, Cheesecloth-Misc","2 aphids, 1 hopper",Hemiptera,3,,,,,,,,
,,,,,,,,,,,,,,,,,,,
besf,medium,2025-07-03,clear vane,25,1,no,1,"besf, CV 25, 2025-7-3, Hemiptera","mostly hoppers, an aphid",Hemiptera,7,,,,,,,,
besf,medium,2025-07-03,clear vane,25,1,no,1,"besf, CV 25, 2025-7-3, Misc",spiders,Araneae,5,,,,,,,,
besf,medium,2025-07-03,clear vane,25,1,no,1,"besf, CV 25, 2025-7-3, Lepidoptera","small, brown moths",Lepidoptera,3,,,,,,,,
besf,medium,2025-07-03,clear vane,25,1,no,1,"besf, CV 25, 2025-7-3, Misc",bark louse,Psocodea,1,,,,,,,,
besf,medium,2025-07-03,clear vane,25,1,no,1,"besf, CV 25, 2025-7-3, Misc",springtails,Collembola,4,,,,,,,,
besf,medium,2025-07-03,clear vane,25,1,no,1,"besf, CV 25, 2025-7-3, Misc",mites,Acari,63,,,,,,,,
besf,medium,2025-07-03,clear vane,25,1,no,1,"besf, CV 25, 2025-7-3, Coleoptera",beetles,Coleoptera,40,,,,,,,,
besf,medium,2025-07-03,clear vane,25,1,no,1,"besf, CV 25, 2025-7-3, Hymenoptera","bees, some ants and wasps",Hymenoptera,26,,,,,,,,
besf,medium,2025-07-03,clear vane,25,1,no,1,"besf, CV 25, 2025-7-3, Diptera","flies, some maggots",Diptera,262,,,,,,,,
besf,medium,2025-07-03,clear vane,25,1,no,1,"besf, CV 25, 2025-7-3, Misc",thrips,Thysanoptera,20,,,,,,,,
besf,medium,2025-07-03,clear vane,25,1,no,2,"besf, CV 25, 2025-7-3, Cheesecloth, Thysanoptera",thrips,Thysanoptera,271,,,,,,,,
besf,medium,2025-07-03,clear vane,25,1,no,2,"besf, CV 25, 2025-7-3, Cheesecloth, Diptera","flies, maggots",Diptera,23,,,,,,,,
besf,medium,2025-07-03,clear vane,25,1,no,2,"besf, CV 25, 2025-7-3, Cheesecloth, Coleoptera",beetles,Coleoptera,3,,,,,,,,
besf,medium,2025-07-03,clear vane,25,1,no,2,"besf, CV 25, 2025-7-3, Cheesecloth, Hymenoptera",wasps,Hymenoptera,5,,,,,,,,
besf,medium,2025-07-03,clear vane,25,1,no,2,"besf, CV 25, 2025-7-3, Cheesecloth, Hemiptera","hoppers, winged aphid",Hemiptera,4,,,,,,,,
besf,medium,2025-07-03,clear vane,25,1,no,2,"besf, CV 25, 2025-7-3, Cheesecloth, Misc",,Collembola,46,,,,,,,,
besf,medium,2025-07-03,clear vane,25,1,no,2,"besf, CV 25, 2025-7-3, Cheesecloth, Misc",Araneae? Possibly Acari,Araneae,1,,,,,,,,
besf,medium,2025-07-03,clear vane,25,1,no,2,"besf, CV 25, 2025-7-3, Cheesecloth, Misc",Oribatids,Acari,171,,,,,,,,
besf,medium,2025-07-03,clear vane,25,1,no,2,"besf, CV 25, 2025-7-3, Cheesecloth, Misc",,Acari,137,,,,,,,,
,,,,,,,,,,,,,,,,,,,
besf,unburned,2025-07-03,clear vane,31,1,no,1,"besf, CV 31, 2025-7-3, Hemiptera","aphids, hoppers, true bugs",Hemiptera,10,,,,,,,,
besf,unburned,2025-07-03,clear vane,31,1,no,1,"besf, CV 31, 2025-7-3, Hymenoptera",ants and wasps,Hymenoptera,4,,,,,,,,
besf,unburned,2025-07-03,clear vane,31,1,no,1,"besf, CV 31, 2025-7-3, Coleoptera",beetles,Coleoptera,23,,,,,,,,
besf,unburned,2025-07-03,clear vane,31,1,no,1,"besf, CV 31, 2025-7-3, Diptera","flies, 1 maggot",Diptera,130,,,,,,,,
besf,unburned,2025-07-03,clear vane,31,1,no,1,"besf, CV 31, 2025-7-3, Misc",thrips,Thysanoptera,14,,,,,,,,
besf,unburned,2025-07-03,clear vane,31,1,no,1,"besf, CV 31, 2025-7-3, Misc","1 lacewing larva, 1 brown lacewing",Neuroptera,2,,,,,,,,
besf,unburned,2025-07-03,clear vane,31,1,no,1,"besf, CV 31, 2025-7-3, Misc","1 blue, some moths",Lepidoptera,3,,,,,,,,
besf,unburned,2025-07-03,clear vane,31,1,no,1,"besf, CV 31, 2025-7-3, Misc",springtails,Collembola,4,,,,,,,,
besf,unburned,2025-07-03,clear vane,31,1,no,1,"besf, CV 31, 2025-7-3, Misc",mites,Acari,2,,,,,,,,
besf,unburned,2025-07-03,clear vane,31,1,no,3,"besf, CV 31, 2025-7-3, Hemiptera",hoppers,Hemiptera,3,,,,,,,,
besf,unburned,2025-07-03,clear vane,31,1,no,3,"besf, CV 31, 2025-7-3, Misc",spider,Araneae,1,,,,,,,,
besf,unburned,2025-07-03,clear vane,31,1,no,3,"besf, CV 31, 2025-7-3, Misc",mites,Acari,2,,,,,,,,
besf,unburned,2025-07-03,clear vane,31,1,no,3,"besf, CV 31, 2025-7-3, Misc",springtail,Collembola,1,,,,,,,,
besf,unburned,2025-07-03,clear vane,31,1,no,3,"besf, CV 31, 2025-7-3, Coleoptera",beetles,Coleoptera,5,,,,,,,,
besf,unburned,2025-07-03,clear vane,31,1,no,3,"besf, CV 31, 2025-7-3, Hymenoptera",wasps,Hymenoptera,3,,,,,,,,
besf,unburned,2025-07-03,clear vane,31,1,no,3,"besf, CV 31, 2025-7-3, Diptera",flies ,Diptera,70,,,,,,,,
besf,unburned,2025-07-03,clear vane,31,1,no,3,"besf, CV 31, 2025-7-3, Misc",thrips,Thysanoptera,13,,,,,,,,
besf,unburned,2025-07-03,clear vane,31,1,no,2,"besf, CV 31, 2025-7-3, Cheesecloth, Thysanoptera",thrips,Thysanoptera,209,,,,,,,,
besf,unburned,2025-07-03,clear vane,31,1,no,2,"besf, CV 31, 2025-7-3, Cheesecloth, Diptera",flies ,Diptera,44,,,,,,,,
besf,unburned,2025-07-03,clear vane,31,1,no,2,"besf, CV 31, 2025-7-3, Cheesecloth, Collembola",springtail,Collembola,77,,,,,,,,
besf,unburned,2025-07-03,clear vane,31,1,no,2,"besf, CV 31, 2025-7-3, Cheesecloth, Acari",mites,Acari,28,,,,,,,,
besf,unburned,2025-07-03,clear vane,31,1,no,2,"besf, CV 31, 2025-7-3, Cheesecloth, Hemiptera",aphids,Hemiptera,11,,,,,,,,
besf,unburned,2025-07-03,clear vane,31,1,no,2,"besf, CV 31, 2025-7-3, Cheesecloth,Coleoptera",beetles ,Coleoptera,3,,,,,,,,
besf,unburned,2025-07-03,clear vane,31,1,no,2,"besf, CV 31, 2025-7-3, Cheesecloth, Hymenoptera",wasps,Hymenoptera,4,,,,,,,,
besf,unburned,2025-07-03,clear vane,31,1,no,2,"besf, CV 31, 2025-7-3, Cheesecloth, Araneae",spider,Araneae,1,,,,,,,,
,,,,,,,,,,,,,,,,,,,
msf,recent,2025-07-09,clear vane,37,1,no,1,"msf, CV 37, 2025-07-09, Hemiptera","true bugs, hoppers, aphids",Hemiptera,11,,,,,,,,
msf,recent,2025-07-09,clear vane,37,1,no,1,"msf, CV 37, 2025-07-09, Misc","moths, a skipper",Lepidoptera,10,,,,,,,,
msf,recent,2025-07-09,clear vane,37,1,no,1,"msf, CV 37, 2025-07-09, Misc",scorpionfly,Mecoptera,1,,,,,,,,
msf,recent,2025-07-09,clear vane,37,1,no,1,"msf, CV 37, 2025-07-09, Misc",bark louse,Psocodea,1,,,,,,,,
msf,recent,2025-07-09,clear vane,37,1,no,1,"msf, CV 37, 2025-07-09, Misc",springtail,Collembola,2,,,,,,,,
msf,recent,2025-07-09,clear vane,37,1,no,1,"msf, CV 37, 2025-07-09, Misc",mites,Acari,41,,,,,,,,
msf,recent,2025-07-09,clear vane,37,1,no,1,"msf, CV 37, 2025-07-09, Coleoptera",beetles,Coleoptera,91,,,,,,,,
msf,recent,2025-07-09,clear vane,37,1,no,1,"msf, CV 37, 2025-07-09, Coleoptera",mites on beetles,Acari,1,,,,,,,,
msf,recent,2025-07-09,clear vane,37,1,no,1,"msf, CV 37, 2025-07-09, Hymenoptera","bees, wasps, ants, some small wasps",Hymenoptera,25,,,,,,,,
msf,recent,2025-07-09,clear vane,37,1,no,1,"msf, CV 37, 2025-07-09, Diptera",flies,Diptera,111,,,,,,,,1 fly (Drosophilid?) has a pair of pink tubes that might be an organ or might be a parasite. Neat!
msf,recent,2025-07-09,clear vane,37,1,no,1,"msf, CV 37, 2025-07-09, Misc",thrips,Thysanoptera,154,,,,,,,,
msf,recent,2025-07-09,clear vane,37,1,no,1,"msf, CV 37, 2025-07-09, Cheesecloth-Thrips",thrips,Thysanoptera,977,,,,,,,,
msf,recent,2025-07-09,clear vane,37,1,no,1,"msf, CV 37, 2025-07-09, Cheesecloth-Misc","beetles, 1 larva",Coleoptera,7,,,,,,,,
msf,recent,2025-07-09,clear vane,37,1,no,1,"msf, CV 37, 2025-07-09, Cheesecloth-Misc",tiny wasps,Hymenoptera,4,,,,,,,,
msf,recent,2025-07-09,clear vane,37,1,no,1,"msf, CV 37, 2025-07-09, Cheesecloth-Misc","flies, 1 or 2 mangled",Diptera,39,,,,,,,,
msf,recent,2025-07-09,clear vane,37,1,no,1,"msf, CV 37, 2025-07-09, Cheesecloth-Misc",mites,Acari,24,,,,,,,,
msf,recent,2025-07-09,clear vane,37,1,no,1,"msf, CV 37, 2025-07-09, Cheesecloth-Misc","aphid, Anthocorid, crawler",Hemiptera,3,,,,,,,,
msf,recent,2025-07-09,clear vane,37,1,no,1,"msf, CV 37, 2025-07-09, Cheesecloth-Misc",springtails,Collembola,7,,,,,,,,
msf,recent,2025-07-09,clear vane,37,1,no,1,"msf, CV 37, 2025-07-09, Cheesecloth-Misc",spider,Araneae,1,,,,,,,,
msf,recent,2025-07-09,clear vane,37,1,no,1,"msf, CV 37, 2025-07-09, Cheesecloth-Misc",wingless bark louse,Psocodea,1,,,,,,,,
,,,,,,,,,,,,,,,,,,,
,,,,,,,,,,,,,,,,,,,
msf,medium,2025-07-09,clear vane,43,1,no,1,"msf, CV 43, 2025-07-09, Hemiptera","true bugs, aphids, hoppers",Hemiptera,6,,,,,,,,
msf,medium,2025-07-09,clear vane,43,1,no,1,"msf, CV 43, 2025-07-09, Misc","katydid, bush cricket nymph",Orthoptera,2,,,,,,,,
msf,medium,2025-07-09,clear vane,43,1,no,1,"msf, CV 43, 2025-07-09, Misc",spider,Araneae,1,,,,,,,,
msf,medium,2025-07-09,clear vane,43,1,no,1,"msf, CV 43, 2025-07-09, Misc","1 caterpillar, 1 moth, 1 skipper",Lepidoptera,3,,,,,,,,
msf,medium,2025-07-09,clear vane,43,1,no,1,"msf, CV 43, 2025-07-09, Misc","1 bark louse, but no tent-like wings",Psocodea,1,,,,,,,,
msf,medium,2025-07-09,clear vane,43,1,no,1,"msf, CV 43, 2025-07-09, Misc",springtail,Collembola,1,,,,,,,,
msf,medium,2025-07-09,clear vane,43,1,no,1,"msf, CV 43, 2025-07-09, Misc",mites,Acari,8,,,,,,,,
msf,medium,2025-07-09,clear vane,43,1,no,1,"msf, CV 43, 2025-07-09, Coleoptera",adults and 1 larval beetles,Coleoptera,81,,,,,,,,
msf,medium,2025-07-09,clear vane,43,1,no,1,"msf, CV 43, 2025-07-09, Hymenoptera","bees, ants, some wasps",Hymenoptera,13,,,,,,,,
msf,medium,2025-07-09,clear vane,43,1,no,1,"msf, CV 43, 2025-07-09, Diptera",flies,Diptera,71,,,,,,,,
msf,medium,2025-07-09,clear vane,43,1,no,1,"msf, CV 43, 2025-07-09, Misc",thrips,Thysanoptera,190,,,,,,,,
,,,,,,,,,,,,,,,,,,,
,,,,,,,,,,,,,,,,,,,
msf,unburned,2025-07-09,clear vane,49,1,no,1,"msf, CV 49, 2025-07-09, Hemiptera","aphid, hopper, true bug",Hemiptera,4,,,,,,,,
msf,unburned,2025-07-09,clear vane,49,1,no,1,"msf, CV 49, 2025-07-09, Misc",scorpionfly,Mecoptera,1,,,,,,,,
msf,unburned,2025-07-09,clear vane,49,1,no,1,"msf, CV 49, 2025-07-09, Misc","3 moths, 1 caterpillar",Lepidoptera,4,,,,,,,,
msf,unburned,2025-07-09,clear vane,49,1,no,1,"msf, CV 49, 2025-07-09, Misc",spiders,Araneae,2,,,,,,,,
msf,unburned,2025-07-09,clear vane,49,1,no,1,"msf, CV 49, 2025-07-09, Misc",bark lice,Psocodea,9,,,,,,,,
msf,unburned,2025-07-09,clear vane,49,1,no,1,"msf, CV 49, 2025-07-09, Misc",larval neuropteran,Neuroptera,1,,,,,,,,
msf,unburned,2025-07-09,clear vane,49,1,no,1,"msf, CV 49, 2025-07-09, Misc",springtails,Collembola,5,,,,,,,,
msf,unburned,2025-07-09,clear vane,49,1,no,1,"msf, CV 49, 2025-07-09, Misc",mites,Acari,12,,,,,,,,
msf,unburned,2025-07-09,clear vane,49,1,no,1,"msf, CV 49, 2025-07-09, Coleoptera","beetles, 1 larva",Coleoptera,78,,,,,,,,
msf,unburned,2025-07-09,clear vane,49,1,no,1,"msf, CV 49, 2025-07-09, Hymenoptera",mostly Halictids,Hymenoptera,15,,,,,,,,
msf,unburned,2025-07-09,clear vane,49,1,no,1,"msf, CV 49, 2025-07-09, Diptera","flies, including an eye-head Acrocerid",Diptera,86,,,,,,,,
msf,unburned,2025-07-09,clear vane,49,1,no,1,"msf, CV 49, 2025-07-09, Misc",,Thysanoptera,81,,,,,,,,
,,,,,,,,"notes: 1 Cicadellid in the Misc, 2 Heteropterans in the Coleoptera, 1 fly in the Misc",,,,,,,,,,,
sgl100,recent,2025-06-27,clear vane,55,1,no,1,"100, CV 55, 2025-6-27, Hemiptera",aphids,Hemiptera,6,,,,,,,,
sgl100,recent,2025-06-27,clear vane,55,1,no,1,"100, CV 55, 2025-6-27, Misc",spiders,Araneae,5,,,,,,,,
sgl100,recent,2025-06-27,clear vane,55,1,no,1,"100, CV 55, 2025-6-27, Misc",tree cricket nymph,Orthoptera,1,,,,,,,,
sgl100,recent,2025-06-27,clear vane,55,1,no,1,"100, CV 55, 2025-6-27, Misc",springtails,Collembola,7,,,,,,,,
sgl100,recent,2025-06-27,clear vane,55,1,no,1,"100, CV 55, 2025-6-27, Misc",mites,Acari,3,,,,,,,,
sgl100,recent,2025-06-27,clear vane,55,1,no,1,"100, CV 55, 2025-6-27, Coleoptera",beetles,Coleoptera,104,,,,,,,,
sgl100,recent,2025-06-27,clear vane,55,1,no,1,"100, CV 55, 2025-6-27, Hymenoptera",Halictids and ants mostly,Hymenoptera,35,,,,,,,,
sgl100,recent,2025-06-27,clear vane,55,1,no,1,"100, CV 55, 2025-6-27, Diptera",flies,Diptera,99,,,,,,,,
sgl100,recent,2025-06-27,clear vane,55,1,no,1,"100, CV 55, 2025-6-27, Misc",thrips,Thysanoptera,991,,,,,,,,
sgl100,recent,2025-06-27,clear vane,55,1,no,1,"100, CV 55, 2025-6-27, Cheesecloth-Misc",springtails,Collembola,42,,,,,,,,
sgl100,recent,2025-06-27,clear vane,55,1,no,1,"100, CV 55, 2025-6-27, Cheesecloth-Misc",mites,Acari,14,,,,,,,,
sgl100,recent,2025-06-27,clear vane,55,1,no,1,"100, CV 55, 2025-6-27, Cheesecloth-Misc",beetles,Coleoptera,8,,,,,,,,
sgl100,recent,2025-06-27,clear vane,55,1,no,1,"100, CV 55, 2025-6-27, Cheesecloth-Misc",Halictids and ants mostly,Hymenoptera,4,,,,,,,,
sgl100,recent,2025-06-27,clear vane,55,1,no,1,"100, CV 55, 2025-6-27, Cheesecloth-Misc",flies,Diptera,50,,,,,,,,
sgl100,recent,2025-06-27,clear vane,55,1,no,1,"100, CV 55, 2025-6-27, Cheesecloth-Misc",thrips,Thysanoptera,4683,,,,,,,,
,,,,,,,,,,,,,,,,,,,
sgl100,medium,2025-06-27,clear vane,61,1,yes,1,"100, CV 61, 2025-6-27, All",flies,Diptera,10,,,,,,,,
sgl100,medium,2025-06-27,clear vane,61,1,yes,1,"100, CV 61, 2025-6-27, All",beetle,Coleoptera,1,,,,,,,,
sgl100,medium,2025-06-27,clear vane,61,1,yes,1,"100, CV 61, 2025-6-27, All",thrips,Thysanoptera,5,,,,,,,,
,,,,,,,,,,,,,,,,,,,
sgl100,unburned,2025-06-27,clear vane,67,1,no,1,"100, CV 67, 2025-6-27, Hemiptera","hoppers, aphid, true bugs",Hemiptera,6,,,,,,,,
sgl100,unburned,2025-06-27,clear vane,67,1,no,1,"100, CV 67, 2025-6-27, Misc","katydids, tree cricket nymphs",Orthoptera,7,,,,,,,,
sgl100,unburned,2025-06-27,clear vane,67,1,no,1,"100, CV 67, 2025-6-27, Misc","skipper, moths, caterpillar",Lepidoptera,3,,,,,,,,
sgl100,unburned,2025-06-27,clear vane,67,1,no,1,"100, CV 67, 2025-6-27, Misc",spiders,Araneae,6,,,,,,,,
sgl100,unburned,2025-06-27,clear vane,67,1,no,1,"100, CV 67, 2025-6-27, Misc",millipede in pieces,Diplopoda,2,,,,,,,,
sgl100,unburned,2025-06-27,clear vane,67,1,no,1,"100, CV 67, 2025-6-27, Misc",springtail,Collembola,5,,,,,,,,
sgl100,unburned,2025-06-27,clear vane,67,1,no,1,"100, CV 67, 2025-6-27, Misc",mites,Acari,13,,,,,,,,
sgl100,unburned,2025-06-27,clear vane,67,1,no,1,"100, CV 67, 2025-6-27, Misc",barklice,Psocodea,1,,,,,,,,
sgl100,unburned,2025-06-27,clear vane,67,1,no,1,"100, CV 67, 2025-6-27, Hymenoptera","Halictids, ants, some wasps",Hymenoptera,28,,,,,,,,
sgl100,unburned,2025-06-27,clear vane,67,1,no,1,"100, CV 67, 2025-6-27, Coleoptera",beetles,Coleoptera,51,,,,,,,,
sgl100,unburned,2025-06-27,clear vane,67,1,no,1,"100, CV 67, 2025-6-27, Diptera",flies,Diptera,98,,,,,,,,
sgl100,unburned,2025-06-27,clear vane,67,1,no,1,"100, CV 67, 2025-6-27, Misc",thrips,Thysanoptera,41,,,,,,,,
,,,,,,,,,,,,,,,,,,,
sgl176,recent,2025-07-21,clear vane,73,1,no,1,"176, CV 73, 2025-7-21, Hemiptera","hoppers, some true bugs and aphids",Hemiptera,17,,,,,,,,
sgl176,recent,2025-07-21,clear vane,73,1,no,1,"176, CV 73, 2025-7-21, Misc",moths,Lepidoptera,7,,,,,,,,
sgl176,recent,2025-07-21,clear vane,73,1,no,1,"176, CV 73, 2025-7-21, Misc",dustless dustywing (Coneopterygidae),Neuroptera,1,,,,,,,,
sgl176,recent,2025-07-21,clear vane,73,1,no,1,"176, CV 73, 2025-7-21, Misc",barklice,Psocodea,5,,,,,,,,
sgl176,recent,2025-07-21,clear vane,73,1,no,1,"176, CV 73, 2025-7-21, Misc",mites,Acari,2,,,,,,,,
sgl176,recent,2025-07-21,clear vane,73,1,no,1,"176, CV 73, 2025-7-21, Misc",spider,Araneae,1,,,,,,,,
sgl176,recent,2025-07-21,clear vane,73,1,no,1,"176, CV 73, 2025-7-21, Coleoptera",beetles,Coleoptera,90,,,,,,,,
sgl176,recent,2025-07-21,clear vane,73,1,no,1,"176, CV 73, 2025-7-21, Hymenoptera",bees and wasps,Hymenoptera,16,,,,,,,,
sgl176,recent,2025-07-21,clear vane,73,1,no,1,"176, CV 73, 2025-7-21, Diptera",flies,Diptera,72,,,,,,,,
sgl176,recent,2025-07-21,clear vane,73,1,no,1,"176, CV 73, 2025-7-21, Misc",thrips,Thysanoptera,14,,,,,,,,
,,,,,,,,,,,,,,,,,,,
sgl176,medium,2025-07-21,clear vane,79,1,no,1,"176, CV 79, 2025-7-21, Hemiptera","hoppers, aphids, true bugs",Hemiptera,17,,,,,,,,
sgl176,medium,2025-07-21,clear vane,79,1,no,1,"176, CV 79, 2025-7-21, Misc",opiliones,Opiliones,2,,,,,,,,
sgl176,medium,2025-07-21,clear vane,79,1,no,1,"176, CV 79, 2025-7-21, Misc","moths, some caterpillars",Lepidoptera,13,,,,,,,,
sgl176,medium,2025-07-21,clear vane,79,1,no,1,"176, CV 79, 2025-7-21, Misc",tree crickets,Orthoptera,3,,,,,,,,
sgl176,medium,2025-07-21,clear vane,79,1,no,1,"176, CV 79, 2025-7-21, Misc",springtails,Collembola,5,,,,,,,,
sgl176,medium,2025-07-21,clear vane,79,1,no,1,"176, CV 79, 2025-7-21, Misc",barklice,Psocodea,1,,,,,,,,
sgl176,medium,2025-07-21,clear vane,79,1,no,1,"176, CV 79, 2025-7-21, Misc",mites,Acari,4,,,,,,,,
sgl176,medium,2025-07-21,clear vane,79,1,no,1,"176, CV 79, 2025-7-21, Coleoptera",beetles,Coleoptera,61,,,,,,,,
sgl176,medium,2025-07-21,clear vane,79,1,no,1,"176, CV 79, 2025-7-21, Hymenoptera","ants, wasps, some bees",Hymenoptera,27,,,,,,,,
sgl176,medium,2025-07-21,clear vane,79,1,no,1,"176, CV 79, 2025-7-21, Diptera","flies, 1 larva",Diptera,71,,,,,,,,
sgl176,medium,2025-07-21,clear vane,79,1,no,1,"176, CV 79, 2025-7-21, Misc",thrips,Thysanoptera,42,,,,,,,,
,,,,,,,,,,,,,,,,,,,
sgl176,unburned,2025-07-21,clear vane,85,1,no,1,"176, CV 85, 2025-7-21, Hemiptera","true bugs, some hoppers",Hemiptera,12,,,,,,,,
sgl176,unburned,2025-07-21,clear vane,85,1,no,1,"176, CV 85, 2025-7-21, Misc",unknown larva,Unknown,1,,,,,,,,
sgl176,unburned,2025-07-21,clear vane,85,1,no,1,"176, CV 85, 2025-7-21, Misc",moths,Lepidoptera,5,,,,,,,,
sgl176,unburned,2025-07-21,clear vane,85,1,no,1,"176, CV 85, 2025-7-21, Misc",barklice,Psocodea,2,,,,,,,,
sgl176,unburned,2025-07-21,clear vane,85,1,no,1,"176, CV 85, 2025-7-21, Misc",mites,Acari,2,,,,,,,,
sgl176,unburned,2025-07-21,clear vane,85,1,no,1,"176, CV 85, 2025-7-21, Misc",spiders,Araneae,4,,,,,,,,
sgl176,unburned,2025-07-21,clear vane,85,1,no,1,"176, CV 85, 2025-7-21, Coleoptera",beetles,Coleoptera,31,,,,,,,,
sgl176,unburned,2025-07-21,clear vane,85,1,no,1,"176, CV 85, 2025-7-21, Hymenoptera",mostly wasps and ants,Hymenoptera,29,,,,,,,,
sgl176,unburned,2025-07-21,clear vane,85,1,no,1,"176, CV 85, 2025-7-21, Diptera",flies,Diptera,48,,,,,,,,
sgl176,unburned,2025-07-21,clear vane,85,1,no,1,"176, CV 85, 2025-7-21, Misc",thrips,Thysanoptera,10,,,,,,,,
,,,,,,,,,,,,,,,,,,,
sgl322,recent,2025-07-30,clear vane,4,2,no,1,"322, CV4, 2025-7-30, Coleoptera",beetles,Coleoptera,80,,,,,,,,
sgl322,recent,2025-07-30,clear vane,4,2,no,1,"322, CV4, 2025-7-30, Hemiptera","aphid, true bug, and many neonate cicada cuteys",Hemiptera,17,,,,,,,,
sgl322,recent,2025-07-30,clear vane,4,2,no,1,"322, CV4, 2025-7-30, Misc",moths,Lepidoptera,3,,,,,,,,
sgl322,recent,2025-07-30,clear vane,4,2,no,1,"322, CV4, 2025-7-30, Misc","1 adult, 1 juvenile bark louse",Psocodea,2,,,,,,,,
sgl322,recent,2025-07-30,clear vane,4,2,no,1,"322, CV4, 2025-7-30, Misc",mites,Acari,8,,,,,,,,
sgl322,recent,2025-07-30,clear vane,4,2,no,1,"322, CV4, 2025-7-30, Misc",spiders,Araneae,4,,,,,,,,
sgl322,recent,2025-07-30,clear vane,4,2,no,1,"322, CV4, 2025-7-30, Hymenoptera","ants, wasps, halictids, a bee",Hymenoptera,28,,,,,,,,
sgl322,recent,2025-07-30,clear vane,4,2,no,1,"322, CV4, 2025-7-30, Diptera",flies,Diptera,42,,,,,,,,
sgl322,recent,2025-07-30,clear vane,4,2,no,1,"322, CV4, 2025-7-30, Misc",thrips,Thysanoptera,459,,,,,,,,
sgl322,recent,2025-07-30,clear vane,4,2,no,1,"322, CV4, 2025-7-30, Misc","Mayfly? Mangled and hard to tell, but Andy and Laura agree that mayfly is a good guess",Ephemeroptera,1,,,,,,,,
,,,,,,,,,,,,,,,,,,,
sgl322,medium,2025-07-30,clear vane,7,2,no,1,"322, CV7, 2025-7-30, Hemiptera","mostly cicadas, some aphids and true bugs and a hopper",Hemiptera,14,,,,,,,,
sgl322,medium,2025-07-30,clear vane,7,2,no,1,"322, CV7, 2025-7-30, Coleoptera",beetles,Coleoptera,76,,,,,,,,
sgl322,medium,2025-07-30,clear vane,7,2,no,1,"322, CV7, 2025-7-30, Misc",scorpionfly,Mecoptera,1,,,,,,,,
sgl322,medium,2025-07-30,clear vane,7,2,no,1,"322, CV7, 2025-7-30, Misc",moths and 1 swallowtail,Lepidoptera,4,,,,,,,,
sgl322,medium,2025-07-30,clear vane,7,2,no,1,"322, CV7, 2025-7-30, Misc",bark louse,Psocodea,1,,,,,,,,
sgl322,medium,2025-07-30,clear vane,7,2,no,1,"322, CV7, 2025-7-30, Misc",spiders,Araneae,4,,,,,,,,
sgl322,medium,2025-07-30,clear vane,7,2,no,1,"322, CV7, 2025-7-30, Misc",springtails,Collembola,4,,,,,,,,
sgl322,medium,2025-07-30,clear vane,7,2,no,1,"322, CV7, 2025-7-30, Misc","mites, many mites because of large numbers of carrion beetles",Acari,109,,,,,,,,
sgl322,medium,2025-07-30,clear vane,7,2,no,1,"322, CV7, 2025-7-30, Hymenoptera",,Hymenoptera,82,,,,,,,,
sgl322,medium,2025-07-30,clear vane,7,2,no,1,"322, CV7, 2025-7-30, Diptera",flies,Diptera,26,,,,,,,,
sgl322,medium,2025-07-30,clear vane,7,2,no,1,"322, CV7, 2025-7-30, Thysanoptera",thrips,Thysanoptera,did not count,,,,,,,,
,,,,,,,,,,,,,,,,,,,
sgl322,unburned,2025-07-30,clear vane,16,2,no,1,"322, CV16, 2025-7-30, Coleoptera",beetles,Coleoptera,59,,,,,,,,
sgl322,unburned,2025-07-30,clear vane,16,2,no,1,"322, CV16, 2025-7-30, Hymenoptera","wasps, bees",Hymenoptera,14,,,,,,,,
sgl322,unburned,2025-07-30,clear vane,16,2,no,1,"322, CV16, 2025-7-30, Diptera",flies,Diptera,39,,,,,,,,
sgl322,unburned,2025-07-30,clear vane,16,2,no,1,"322, CV16, 2025-7-30, Hemiptera","cicadelidae, other",Hemiptera,4,,,,,,,,
sgl322,unburned,2025-07-30,clear vane,16,2,no,1,"322, CV16, 2025-7-30, Misc",thrips,Thysanoptera,5,,,,,,,,
sgl322,unburned,2025-07-30,clear vane,16,2,no,1,"322, CV16, 2025-7-30, Misc",springtails,Collembola,3,,,,,,,,
sgl322,unburned,2025-07-30,clear vane,16,2,no,1,"322, CV16, 2025-7-30, Misc",mites,Acari,9,,,,,,,,
sgl322,unburned,2025-07-30,clear vane,16,2,no,1,"322, CV16, 2025-7-30, Misc",spider,Araneae,1,,,,,,,,
sgl322,unburned,2025-07-30,clear vane,16,2,no,1,"322, CV16, 2025-7-30, Misc",moth,Lepidoptera,1,,,,,,,,
sgl322,unburned,2025-07-30,clear vane,16,2,no,1,"322, CV16, 2025-7-30, Misc",bark louse,Psocodea,1,,,,,,,,
,,,,,,,,,,,,,,,,,,,
,,,,,,,,,,,,,,,,,,,
besf,recent,2025-08-13,clear vane,19,2,no,1,"besf, CV19 2025-8-13, Hymenoptera","bees, wasps",Hymenoptera,34,,,,,,,,
besf,recent,2025-08-13,clear vane,19,2,no,1,"besf, CV19 2025-8-13","cicadelidae, spotted lantern fly, aphids",Hemiptera,12,,,,,,,,
besf,recent,2025-08-13,clear vane,19,2,no,1,"besf, CV19 2025-8-13, Thysanoptera",thrips,Thysanoptera,99,,,,,,,,
besf,recent,2025-08-13,clear vane,19,2,no,1,"besf, CV19 2025-8-13, Coleoptera",beetles,Coleoptera,35,,,,,,,,
besf,recent,2025-08-13,clear vane,19,2,no,1,"besf, CV19 2025-8-13, Diptera",flies,Diptera,46,,,,,,,,
besf,recent,2025-08-13,clear vane,19,2,no,1,"besf, CV19 2025-8-13, Misc",spiders,Araneae,3,,,,,,,,
besf,recent,2025-08-13,clear vane,19,2,no,1,"besf, CV19 2025-8-13",spingtail,Collembola,1,,,,,,,,
,,,,,,,,,,,,,,,,,,,
,,,,,,,,,,,,,,,,,,,
,,,,,,,,,,,,,,,,,,,
,,,,,,,,,,,,,,,,,,,
,,,,,,,,,,,,,,,,,,,
,,,,,,,,,,,,,,,,,,,
besf,medium,2025-08-13,clear vane,25,2,no,1,"besf, CV25 2025-8-13, Misc",swallowtails,Lepidoptera,2,,,,,,,,
besf,medium,2025-08-13,clear vane,25,2,no,1,"besf, CV25 2025-8-13, Hemiptera",plant hoppers,Hemiptera,4,,,,,,,,
besf,medium,2025-08-13,clear vane,25,2,no,1,"besf, CV25 2025-8-13, Misc",katydid,Orthoptera,1,,,,,,,,
besf,medium,2025-08-13,clear vane,25,2,no,1,"besf, CV25 2025-8-13, Misc",spiders,Araneae,4,,,,,,,,
besf,medium,2025-08-13,clear vane,25,2,no,1,"besf, CV25 2025-8-13, Misc",springtails,Collembola,2,,,,,,,,
besf,medium,2025-08-13,clear vane,25,2,no,1,"besf, CV25 2025-8-13, Misc",lacewing larva,Neuroptera,1,,,,,,,,
besf,medium,2025-08-13,clear vane,25,2,no,1,"besf, CV25 2025-8-13, Misc",mites,Acari,31,,,,,,,,
besf,medium,2025-08-13,clear vane,25,2,no,1,"besf, CV25 2025-8-13, Coleoptera",beetles,Coleoptera,14,,,,,,,,
besf,medium,2025-08-13,clear vane,25,2,no,1,"besf, CV25 2025-8-13, Hymenoptera",mostly bees,Hymenoptera,12,,,,,,,,
besf,medium,2025-08-13,clear vane,25,2,no,1,"besf, CV25 2025-8-13, Diptera",flies,Diptera,28,,,,,,,,
besf,medium,2025-08-13,clear vane,25,2,no,1,"besf, CV25 2025-8-13, Thysanoptera",thrips,Thysanoptera,11,,,,,,,,
besf,medium,2025-08-13,clear vane,25,2,no,1,"besf, CV25 2025-8-13",,,,,,,,,,,
,,,,,,,,,,,,,,,,,,,
besf,unburned,2025-08-13,clear vane,31,2,no,1,"besf, CV31 2025-8-13, Misc",moths,Lepidoptera,4,,,,,,,,
besf,unburned,2025-08-13,clear vane,31,2,no,1,"besf, CV31 2025-8-13, Misc",thrips,Thysanoptera,7,,,,,,,,
besf,unburned,2025-08-13,clear vane,31,2,no,1,"besf, CV31 2025-8-13, Misc",mites,Acari,4,,,,,,,,
besf,unburned,2025-08-13,clear vane,31,2,no,1,"besf, CV31 2025-8-13, Misc",spingtail,Collembola,4,,,,,,,,
besf,unburned,2025-08-13,clear vane,31,2,no,1,"besf, CV31 2025-8-13, Hemiptera","aphids, plant hoppers",Hemiptera,4,,,,,,,,
besf,unburned,2025-08-13,clear vane,31,2,no,1,"besf, CV31 2025-8-13, Misc",bark louse,Psocodea,5,,,,,,,,
besf,unburned,2025-08-13,clear vane,31,2,no,1,"besf, CV31 2025-8-13, Misc",spider,Araneae,1,,,,,,,,
besf,unburned,2025-08-13,clear vane,31,2,no,1,"besf, CV31 2025-8-13, Diptera",flies,Diptera,10,,,,,,,,
besf,unburned,2025-08-13,clear vane,31,2,no,1,"besf, CV31 2025-8-13, Coleoptera",beetles,Coleoptera,21,,,,,,,,
besf,unburned,2025-08-13,clear vane,31,2,no,1,"besf, CV31 2025-8-13, Hymenoptera ","bees, wasps",Hymenoptera,13,,,,,,,,
besf,unburned,2025-08-13,clear vane,31,2,no,1,"besf, CV31 2025-8-13, Misc",millipedes,Diplopoda,2,,,,,,,,
besf,unburned,2025-08-13,clear vane,31,2,no,1,"besf, CV31 2025-8-13, Misc",unidentified larva,Unknown,,,,,,,,,
,,,,,,,,,,,,,,,,,,,
msf,recent,2025-08-26,clear vane,37,2,no,1,"msf, CV37, 2025-8-26, Hemiptera","aphids, some hoppers",Hemiptera,11,,,,,,,,
msf,recent,2025-08-26,clear vane,37,2,no,1,"msf, CV37, 2025-8-26, Misc",spiders,Araneae,7,,,,,,,,
msf,recent,2025-08-26,clear vane,37,2,no,1,"msf, CV37, 2025-8-26, Misc",mites,Acari,4,,,,,,,,
msf,recent,2025-08-26,clear vane,37,2,no,1,"msf, CV37, 2025-8-26, Misc",bark lice,Psocodea,6,,,,,,,,
msf,recent,2025-08-26,clear vane,37,2,no,1,"msf, CV37, 2025-8-26, Misc",springtail,Collembola,1,,,,,,,,
msf,recent,2025-08-26,clear vane,37,2,no,1,"msf, CV37, 2025-8-26, Coleoptera",beetles,Coleoptera,58,,,,,,,,
msf,recent,2025-08-26,clear vane,37,2,no,1,"msf, CV37, 2025-8-26, Hymenoptera","bees, ants, macro wasps",Hymenoptera,13,,,,,,,,
msf,recent,2025-08-26,clear vane,37,2,no,1,"msf, CV37, 2025-8-26, Diptera",flies,Diptera,60,,,,,,,,
msf,recent,2025-08-26,clear vane,37,2,no,1,"msf, CV37, 2025-8-26, Thysanoptera",thrips,Thysanoptera,did not count,,,,,,,,
,,,,,,,,,,,,,,,,,,,
msf,medium,2025-08-26,clear vane,43,2,no,1,"msf, CV43, 2025-8-26, Hemiptera","aphids, Anthacorid, 1 hopper",Hemiptera,9,,,,,,,,
msf,medium,2025-08-26,clear vane,43,2,no,1,"msf, CV43, 2025-8-26, Misc",brown lacewing adult,Neuroptera,1,,,,,,,,
msf,medium,2025-08-26,clear vane,43,2,no,1,"msf, CV43, 2025-8-26, Misc",1 skipper,Lepidoptera,1,,,,,,,,
msf,medium,2025-08-26,clear vane,43,2,no,1,"msf, CV43, 2025-8-26, Misc",bark lice,Psocodea,5,,,,,,,,
msf,medium,2025-08-26,clear vane,43,2,no,1,"msf, CV43, 2025-8-26, Misc",1 spider,Araneae,1,,,,,,,,
msf,medium,2025-08-26,clear vane,43,2,no,1,"msf, CV43, 2025-8-26, Misc",springtails,Collembola,3,,,,,,,,
msf,medium,2025-08-26,clear vane,43,2,no,1,"msf, CV43, 2025-8-26, Misc",mites,Acari,4,,,,,,,,
msf,medium,2025-08-26,clear vane,43,2,no,1,"msf, CV43, 2025-8-26, Coleoptera",beetles,Coleoptera,27,,,,,,,,
msf,medium,2025-08-26,clear vane,43,2,no,1,"msf, CV43, 2025-8-26, Hymenoptera","ants, bees, wasps",Hymenoptera,19,,,,,,,,
msf,medium,2025-08-26,clear vane,43,2,no,1,"msf, CV43, 2025-8-26, Diptera",flies,Diptera,43,,,,,,,,
msf,medium,2025-08-26,clear vane,43,2,no,1,"msf, CV43, 2025-8-26, Thysanoptera",thrips,Thysanoptera,did not count,,,,,,,,
,,,,,,,,,,,,,,,,,,,
msf,unburned,2025-08-26,clear vane,49,2,no,1,"msf, CV49, 2025-8-26, Hemiptera","1 aphid, 1 adelgid",Hemiptera,2,,,,,,,,
msf,unburned,2025-08-26,clear vane,49,2,no,1,"msf, CV49, 2025-8-26, Misc",1 moth,Lepidoptera,1,,,,,,,,
msf,unburned,2025-08-26,clear vane,49,2,no,1,"msf, CV49, 2025-8-26, Misc",bark lice,Psocodea,2,,,,,,,,
msf,unburned,2025-08-26,clear vane,49,2,no,1,"msf, CV49, 2025-8-26, Misc",springtails,Collembola,11,,,,,,,,
msf,unburned,2025-08-26,clear vane,49,2,no,1,"msf, CV49, 2025-8-26, Misc",mites,Acari,26,,,,,,,,
msf,unburned,2025-08-26,clear vane,49,2,no,1,"msf, CV49, 2025-8-26, Coleoptera",beetles,Coleoptera,44,,,,,,,,
msf,unburned,2025-08-26,clear vane,49,2,no,1,"msf, CV49, 2025-8-26, Hymenoptera","wasps, bees, and ants",Hymenoptera,10,,,,,,,,
msf,unburned,2025-08-26,clear vane,49,2,no,1,"msf, CV49, 2025-8-26, Diptera",flies,Diptera,55,,,,,,,,
msf,unburned,2025-08-26,clear vane,49,2,no,1,"msf, CV49, 2025-8-26, Thysanoptera",thrips,Thysanoptera,did not count,,,,,,,,
msf,unburned,2025-08-26,clear vane,49,2,no,1,"msf, CV49, 2025-8-26, Misc",spider,Araneae,1,,,,,,,,
,,,,,,,,,,,,,,,,,,,
sgl100,recent,2025-08-12,clear vane,55,2,no,1,"100, CV55, 2025-8-12, Hymenoptera","wasps, bees",Hymenoptera,85,,,,,,,,
sgl100,recent,2025-08-12,clear vane,55,2,no,1,"100, CV55, 2025-8-12, Coleoptera",beetles,Coleoptera,21,,,,,,,,
sgl100,recent,2025-08-12,clear vane,55,2,no,1,"100, CV55, 2025-8-12, Diptera",flies,Diptera,28,,,,,,,,
sgl100,recent,2025-08-12,clear vane,55,2,no,1,"100, CV55, 2025-8-12, Hemiptera","hopper, assasin bug nymph",Hemiptera,3,,,,,,,,
sgl100,recent,2025-08-12,clear vane,55,2,no,1,"100, CV55, 2025-8-12, Lepidoptera","moth, larvae",Lepidoptera,1,,,,,,,,
sgl100,recent,2025-08-12,clear vane,55,2,no,1,"100, CV55, 2025-8-12, Misc",spider,Araneae,1,,,,,,,,
sgl100,recent,2025-08-12,clear vane,55,2,no,1,"100, CV55, 2025-8-12, Misc",thrips,Thysanoptera,17,,,,,,,,
sgl100,recent,2025-08-12,clear vane,55,2,no,1,"100, CV55, 2025-8-12, Misc",mites,Acari,5,,,,,,,,
sgl100,recent,2025-08-12,clear vane,55,2,no,1,"100, CV55, 2025-8-12, Misc",bark lice,Psocodea,1,,,,,,,,
,,,,,,,,,,,,,,,,,,,
sgl100,medium,2025-08-12,clear vane,61,2,no,1,"100, CV61, 2025-8-12, Hymenoptera","bees, wasps, ants",Hymenoptera,88,,,,,,,,
sgl100,medium,2025-08-12,clear vane,61,2,no,1,"100, CV61, 2025-8-12, Coleoptera",beetles,Coleoptera,49,50,,,,,,,
sgl100,medium,2025-08-12,clear vane,61,2,no,1,"100, CV61, 2025-8-12, Diptera",flies,Diptera,67,,,,,,,,
sgl100,medium,2025-08-12,clear vane,61,2,no,1,"100, CV61, 2025-8-12, Hemiptera",hoppers,Hemiptera,5,4,,,,,,,
sgl100,medium,2025-08-12,clear vane,61,2,no,1,"100, CV61, 2025-8-12, Misc",spider,Araneae,4,,,,,,,,
sgl100,medium,2025-08-12,clear vane,61,2,no,1,"100, CV61, 2025-8-12, Misc",moths,Lepidoptera,7,,,,,,,,
sgl100,medium,2025-08-12,clear vane,61,2,no,1,"100, CV61, 2025-8-12, Misc",mites,Acari,11,,,,,,,,
sgl100,medium,2025-08-12,clear vane,61,2,no,1,"100, CV61, 2025-8-12, Misc",katydids,Orthoptera,4,,,,,,,,
sgl100,medium,2025-08-12,clear vane,61,2,no,1,"100, CV61, 2025-8-12, Misc",lacewing,Neuroptera,2,,,,,,,,
sgl100,medium,2025-08-12,clear vane,61,2,no,1,"100, CV61, 2025-8-12, Misc",bark lice,Psocodea,4,,,,,,,,
sgl100,medium,2025-08-12,clear vane,61,2,no,1,"100, CV61, 2025-8-12, Misc",thrips,Thysanoptera,didn't count,,,,,,,,
,,,,,,,,,,,,,,,,,,,
sgl100,unburned,2025-08-12,clear vane,67,2,no,1,"100, CV67, 2025-8-12, Misc",moth,Lepidoptera,1,,,,,,,,
sgl100,unburned,2025-08-12,clear vane,67,2,no,1,"100, CV67, 2025-8-12, Misc",lacewings,Neuroptera,3,,,,,,,,
sgl100,unburned,2025-08-12,clear vane,67,2,no,1,"100, CV67, 2025-8-12, Misc",katydids,Orthoptera,1,,,,,,,,
sgl100,unburned,2025-08-12,clear vane,67,2,no,1,"100, CV67, 2025-8-12, Misc",spider,Araneae,2,,,,,,,,
sgl100,unburned,2025-08-12,clear vane,67,2,no,1,"100, CV67, 2025-8-12, Misc",bark lice,Psocodea,2,,,,,,,,
sgl100,unburned,2025-08-12,clear vane,67,2,no,1,"100, CV67, 2025-8-12, Misc",mites,Acari,5,,,,,,,,
sgl100,unburned,2025-08-12,clear vane,67,2,no,1,"100, CV67, 2025-8-12, Misc",thrips,Thysanoptera,didn't count,,,,,,,,
sgl100,unburned,2025-08-12,clear vane,67,2,no,1,"100, CV67, 2025-8-12, Misc",springtails,Collembola,3,,,,,,,,
sgl100,unburned,2025-08-12,clear vane,67,2,no,1,"100, CV67, 2025-8-12, Hemiptera","hoppers, flies",Hemiptera,7,,,,,,,,
sgl100,unburned,2025-08-12,clear vane,67,2,no,1,"100, CV67, 2025-8-12, Diptera",flies,Diptera,48,47,,,,,,,
sgl100,unburned,2025-08-12,clear vane,67,2,no,1,"100, CV67, 2025-8-12, Coleoptera",beetles,Coleoptera,10,,,,,,,,
sgl100,unburned,2025-08-12,clear vane,67,2,no,1,"100, CV67, 2025-8-12, Hymenoptera","bees, wasps, ants",Hymenoptera,26,,,,,,,,
,,,,,,,,,,,,,,,,,,,
sgl176,recent,2025-08-28,clear vane,73,2,no,1,"176, CV73, 2025-8-28, Hemiptera",,Hemiptera,5,,,,,,,,
sgl176,recent,2025-08-28,clear vane,73,2,no,1,"176, CV73, 2025-8-28, Misc",springtail,Collembola,5,,,,,,,,
sgl176,recent,2025-08-28,clear vane,73,2,no,1,"176, CV73, 2025-8-28, Misc",bark lice,Psocodea,2,,,,,,,,
sgl176,recent,2025-08-28,clear vane,73,2,no,1,"176, CV73, 2025-8-28, Misc",1 moth,Lepidoptera,1,,,,,,,,
sgl176,recent,2025-08-28,clear vane,73,2,no,1,"176, CV73, 2025-8-28, Misc",1 spider,Araneae,1,,,,,,,,
sgl176,recent,2025-08-28,clear vane,73,2,no,1,"176, CV73, 2025-8-28, Coleoptera",beetles,Coleoptera,41,,,,,,,,
sgl176,recent,2025-08-28,clear vane,73,2,no,1,"176, CV73, 2025-8-28, Hymenoptera","bees, macrowasps",Hymenoptera,5,,,,,,,,
sgl176,recent,2025-08-28,clear vane,73,2,no,1,"176, CV73, 2025-8-28, Diptera","flies, 1 maggot",Diptera,11,,,,,,,,
sgl176,recent,2025-08-28,clear vane,73,2,no,1,"176, CV73, 2025-8-28, Thysanoptera",thrips,Thysanoptera,20,,,,,,,,
,,,,,,,,,,,,,,,,,,,
,,,,,,,,,,,,,,,,,,,
sgl176,medium,2025-08-28,clear vane,79,2,no,1,"sgl176, CV79, 2025-8-28, Diptera",flies,Diptera,9,,,,,,,,
sgl176,medium,2025-08-28,clear vane,79,2,no,1,"sgl176, CV79, 2025-8-28, Hymenoptera","ants, wasps, bees",Hymenoptera,13,,,,,,,,
sgl176,medium,2025-08-28,clear vane,79,2,no,1,"sgl176, CV79, 2025-8-28, Coleoptera",beetles,Coleoptera,18,,,,,,,,
sgl176,medium,2025-08-28,clear vane,79,2,no,1,"sgl176, CV79, 2025-8-28, Hemiptera","assassin bugs, hoppers",Hemiptera,4,,,,,,,,
sgl176,medium,2025-08-28,clear vane,79,2,no,1,"sgl176, CV79, 2025-8-28, Misc",scorpion flies,Mecoptera,3,,,,,,,,
sgl176,medium,2025-08-28,clear vane,79,2,no,1,"sgl176, CV79, 2025-8-28, Misc",moth,Lepidoptera,1,,,,,,,,
sgl176,medium,2025-08-28,clear vane,79,2,no,1,"sgl176, CV79, 2025-8-28, Misc",thrips,Thysanoptera,didn't count,,,,,,,,
sgl176,medium,2025-08-28,clear vane,79,2,no,1,"sgl176, CV79, 2025-8-28, Misc",mites,Acari,4,,,,,,,,
sgl176,medium,2025-08-28,clear vane,79,2,no,1,"sgl176, CV79, 2025-8-28, Misc",katydids,Orthoptera,1,,,,,,,,
sgl176,medium,2025-08-28,clear vane,79,2,no,1,"sgl176, CV79, 2025-8-28, Misc",bark lice,Psocodea,1,,,,,,,,
sgl176,medium,2025-08-28,clear vane,79,2,no,1,"sgl176, CV79, 2025-8-28, Misc",spider,Araneae,1,,,,,,,,
,,,,,,,,,,,,,,,,,,,
sgl176,unburned,2025-08-28,clear vane,85,2,no,1,"sgl176, CV85, 2025-8-28, Hymenoptera","bees, wasps",Hymenoptera,13,,,,,,,,
sgl176,unburned,2025-08-28,clear vane,85,2,no,1,"sgl176, CV85, 2025-8-28, Diptera",flies,Diptera,14,,,,,,,,
sgl176,unburned,2025-08-28,clear vane,85,2,no,1,"sgl176, CV85, 2025-8-28, Coleoptera",beetles,Coleoptera,11,,,,,,,,
sgl176,unburned,2025-08-28,clear vane,85,2,no,1,"sgl176, CV85, 2025-8-28, Hemiptera","assassin bugs, hoppers",Hemiptera,2,,,,,,,,
sgl176,unburned,2025-08-28,clear vane,85,2,no,1,"sgl176, CV85, 2025-8-28, Misc",thrips,Thysanoptera,5,,,,,,,,
sgl176,unburned,2025-08-28,clear vane,85,2,no,1,"sgl176, CV85, 2025-8-28, Misc",moth,Lepidoptera,1,,,,,,,,
sgl176,unburned,2025-08-28,clear vane,85,2,no,1,"sgl176, CV85, 2025-8-28, Misc",mites,Acari,3,,,,,,,,
sgl176,unburned,2025-08-28,clear vane,85,2,no,1,"sgl176, CV85, 2025-8-28, Misc",spider,Araneae,2,,,,,,,,
sgl176,unburned,2025-08-28,clear vane,85,2,no,1,"sgl176, CV85, 2025-8-28, Misc",millipede,Diplopoda,1,,,,,,,,
sgl176,unburned,2025-08-28,clear vane,85,2,no,1,"sgl176, CV85, 2025-8-28, Misc",bark lice,Psocodea,2,,,,,,,,
sgl176,unburned,2025-08-28,clear vane,85,2,no,1,"sgl176, CV85, 2025-8-28, Misc",springtail,Collembola,3,,,,,,,,
,,,,,,,,,,,,,,,,,,,
sgl322,medium,2025-06-10,clear vane,12,1,no,1,"sgl322, CV12, 2025-6-10, Misc",cockroach,Blattodea,7,,,,,,,,
sgl322,medium,2025-06-10,clear vane,12,1,no,1,"sgl322, CV12, 2025-6-10, Misc",snail,Gastropoda,1,,,,,,,,
sgl322,medium,2025-06-10,clear vane,12,1,no,1,"sgl322, CV12, 2025-6-10, Misc",mites,Acari,27,,,,,,,,
sgl322,medium,2025-06-10,clear vane,12,1,no,1,"sgl322, CV12, 2025-6-10",thrips,Thysanoptera,not counted,,,,,,,,
sgl322,medium,2025-06-10,clear vane,12,1,no,1,"sgl322, CV12, 2025-6-10",springtail,Collembola,7,,,,,,,,
sgl322,medium,2025-06-10,clear vane,12,1,no,1,"sgl322, CV12, 2025-6-10",spider,Araneae,7,,,,,,,,
sgl322,medium,2025-06-10,clear vane,12,1,no,1,"sgl322, CV12, 2025-6-10",moth,Lepidoptera,5,,,,,,,,
sgl322,medium,2025-06-10,clear vane,12,1,no,1,"sgl322, CV12, 2025-6-10",bark lice,Psocodea,1,,,,,,,,
sgl322,medium,2025-06-10,clear vane,12,1,no,1,"sgl322, CV12, 2025-6-10, Hemiptera","cicada, hopper, aphids",Hemiptera,17,,,,,,,,
sgl322,medium,2025-06-10,clear vane,12,1,no,1,"sgl322, CV12, 2025-6-10, Diptera",flies,Diptera,57,,,,,,,,
sgl322,medium,2025-06-10,clear vane,12,1,no,1,"sgl322, CV12, 2025-6-10, Hymenoptera","bees, wasps, ants",Hymenoptera,35,,,,,,,,
sgl322,medium,2025-06-10,clear vane,12,1,no,1,"sgl322, CV12, 2025-6-10, Coleoptera",beetles,Coleoptera,245,,,,,,,,
,,,,,,,,,,,,,,,,,,,
sgl322,unburned,2025-06-10,clear vane,16,1,no,1,"sgl322, CV16, 2025-6-10, Coleoptera",beetles,Coleoptera,237,,,,,,,,
sgl322,unburned,2025-06-10,clear vane,16,1,no,1,"sgl322, CV16, 2025-6-10, Hemiptera","aphids, hoppers, cicada",Hemiptera,21,20,,,,,,,
sgl322,unburned,2025-06-10,clear vane,16,1,no,1,"sgl322, CV16, 2025-6-10, Hymenoptera","bees, wasps, ants",Hymenoptera,10,,,,,,,,
sgl322,unburned,2025-06-10,clear vane,16,1,no,1,"sgl322, CV16, 2025-6-10, Diptera",flies,Diptera,90,,,,,,,,
sgl322,unburned,2025-06-10,clear vane,16,1,no,1,"sgl322, CV16, 2025-6-10, Misc",cockroaches,Blattodea,8,,,,,,,,
sgl322,unburned,2025-06-10,clear vane,16,1,no,1,"sgl322, CV16, 2025-6-10, Misc",spider,Araneae,4,,,,,,,,
sgl322,unburned,2025-06-10,clear vane,16,1,no,1,"sgl322, CV16, 2025-6-10, Misc",katydids,Orthoptera,1,,,,,,,,
sgl322,unburned,2025-06-10,clear vane,16,1,no,1,"sgl322, CV16, 2025-6-10, Misc",bark lice,Psocodea,2,,,,,,,,
sgl322,unburned,2025-06-10,clear vane,16,1,no,1,"sgl322, CV16, 2025-6-10, Misc",moth,Lepidoptera,3,,,,,,,,
sgl322,unburned,2025-06-10,clear vane,16,1,no,1,"sgl322, CV16, 2025-6-10, Misc",millipedes,Diplopoda,1,,,,,,,,
sgl322,unburned,2025-06-10,clear vane,16,1,no,1,"sgl322, CV16, 2025-6-10, Misc",mites,Acari,57,,,,,,,,
sgl322,unburned,2025-06-10,clear vane,16,1,no,1,"sgl322, CV16, 2025-6-10, Misc",thrips,Thysanoptera,didn't count,,,,,,,,
sgl322,unburned,2025-06-10,clear vane,16,1,no,1,"sgl322, CV16, 2025-6-10, Misc",springtail,Collembola,19,,,,,,,,
,,,,,,,,,,,,,,,,,,,
besf,recent,2025-07-03,clear vane,21,1,no,1,"besf, CV21, 2025-7-3, Misc",spingtail,Collembola,2,,,,,,,,
besf,recent,2025-07-03,clear vane,21,1,no,1,"besf, CV21, 2025-7-3, Misc",mite,Acari,1,,,,,,,,
besf,recent,2025-07-03,clear vane,21,1,no,1,"besf, CV21, 2025-7-3, Misc",bark lice,Psocodea,8,,,,,,,,
besf,recent,2025-07-03,clear vane,21,1,no,1,"besf, CV21, 2025-7-3, Coleoptera",thrips,Thysanoptera,didn't count,~10 in Hemiptera vial,,,,,,,
besf,recent,2025-07-03,clear vane,21,1,no,1,"besf, CV21, 2025-7-3, Misc",spider,Araneae,3,,,,,,,,
besf,recent,2025-07-03,clear vane,21,1,no,1,"besf, CV21, 2025-7-3, Misc",lacewings,Neuroptera,1,,,,,,,,
besf,recent,2025-07-03,clear vane,21,1,no,1,"besf, CV21, 2025-7-3, Misc",moth,Lepidoptera,1,,,,,,,,
besf,recent,2025-07-03,clear vane,21,1,no,1,"besf, CV21, 2025-7-3, Hemiptera","hoppers, aphids",Hemiptera,38,36,,,,,,,
besf,recent,2025-07-03,clear vane,21,1,no,1,"besf, CV21, 2025-7-3, Diptera",flies,Diptera,146,,,,,,,,
besf,recent,2025-07-03,clear vane,21,1,no,1,"besf, CV21, 2025-7-3, Hymenoptera","bees, wasps, ants",Hymenoptera,59,58,,,,,,,
besf,recent,2025-07-03,clear vane,21,1,no,1,"besf, CV21, 2025-7-3, Coleoptera",beetles,Coleoptera,114,,,,,,,,
,,,,,,,,,,,,,,,,,,,
besf,medium,2025-07-03,clear vane,29,1,no,1,"besf, CV29, 2025-7-3, Misc",larvae,Lepidoptera,1,,,,,,,,
besf,medium,2025-07-03,clear vane,29,1,no,1,"besf, CV29, 2025-7-3, Diptera",flies,Diptera,193,190,,,,,,,
besf,medium,2025-07-03,clear vane,29,1,no,1,"besf, CV29, 2025-7-3, Misc",thrips,Thysanoptera,didn't count,,,,,,,,
besf,medium,2025-07-03,clear vane,29,1,no,1,"besf, CV29, 2025-7-3, Misc",spingtail,Collembola,1,,,,,,,,
besf,medium,2025-07-03,clear vane,29,1,no,1,"besf, CV29, 2025-7-3, Misc",mite,Acari,12,,,,,,,,
besf,medium,2025-07-03,clear vane,29,1,no,1,"besf, CV29, 2025-7-3, Misc",spider,Araneae,1,,,,,,,,
besf,medium,2025-07-03,clear vane,29,1,no,1,"besf, CV29, 2025-7-3, Misc",bark lice,Psocodea,2,,,,,,,,
besf,medium,2025-07-03,clear vane,29,1,no,1,"besf, CV29, 2025-7-3, Hemiptera","aphids, hopper",Hemiptera,8,7,,,,,,,
besf,medium,2025-07-03,clear vane,29,1,no,1,"besf, CV29, 2025-7-3, Hymenoptera","bees, wasps, ants",Hymenoptera,26,,,,,,,,
besf,medium,2025-07-03,clear vane,29,1,no,1,"besf, CV29, 2025-7-3, Coleoptera",beetles,Coleoptera,55,56,,,,,,,
,,,,,,,,,,,,,,,,,,,
besf,unburned,2025-07-03,clear vane,34,1,no,1,"besf, CV34, 2025-7-3, Hemiptera",aphids,Hemiptera,6,5,,,,,,,
besf,unburned,2025-07-03,clear vane,34,1,no,1,"besf, CV34, 2025-7-3, Misc",springtail,Collembola,2,,,,,,,,
besf,unburned,2025-07-03,clear vane,34,1,no,1,"besf, CV34, 2025-7-3, Misc",thrips,Thysanoptera,didn't count,"4 thrips from CV39 added into Misc vial, may have lost some thrips",,,,,,,
besf,unburned,2025-07-03,clear vane,34,1,no,1,"besf, CV34, 2025-7-3, Misc",mite,Acari,1,,,,,,,,
besf,unburned,2025-07-03,clear vane,34,1,no,1,"besf, CV34, 2025-7-3, Misc","butterfly, moth",Lepidoptera,2,,,,,,,,
besf,unburned,2025-07-03,clear vane,34,1,no,1,"besf, CV34, 2025-7-3, Misc",slug,Gastropoda,3,,,,,,,,
besf,unburned,2025-07-03,clear vane,34,1,no,1,"besf, CV34, 2025-7-3, Misc",spider,Araneae,2,,,,,,,,
besf,unburned,2025-07-03,clear vane,34,1,no,1,"besf, CV34, 2025-7-3, Misc",bark lice,Psocodea,2,,,,,,,,
besf,unburned,2025-07-03,clear vane,34,1,no,1,"besf, CV34, 2025-7-3, Diptera",flies,Diptera,124,,,,,,,,
besf,unburned,2025-07-03,clear vane,34,1,no,1,"besf, CV34, 2025-7-3, Hymenoptera","bees, wasps, ants",Hymenoptera,14,,,,,,,,
besf,unburned,2025-07-03,clear vane,34,1,no,1,"besf, CV34, 2025-7-3, Coleoptera",beetles,Coleoptera,35,36,,,,,,,
besf,unburned,2025-07-03,clear vane,34,1,no,1,"besf, CV34, 2025-7-3, Misc",lacewing,Neuroptera,1,,,,,,,,
,,,,,,,,,,,,,,,,,,,
msf,recent,2025-07-09,clear vane,39,1,no,1,"msf, CV39, 2025-7-9, Misc",thrips,Thysanoptera,didn't count,,,,,,,,
msf,recent,2025-07-09,clear vane,39,1,no,1,"msf, CV39, 2025-7-9, Misc",mite,Acari,1,,,,,,,,
msf,recent,2025-07-09,clear vane,39,1,no,1,"msf, CV39, 2025-7-9, Misc","butterfly, moth",Lepidoptera,6,,,,,,,,
msf,recent,2025-07-09,clear vane,39,1,no,1,"msf, CV39, 2025-7-9, Misc",scorpionfly,Mecoptera,2,,,,,,,,
msf,recent,2025-07-09,clear vane,39,1,no,1,"msf, CV39, 2025-7-9, Misc",spider,Araneae,2,,,,,,,,
msf,recent,2025-07-09,clear vane,39,1,no,1,"msf, CV39, 2025-7-9, Misc",bark lice,Psocodea,1,,,,,,,,
msf,recent,2025-07-09,clear vane,39,1,no,1,"msf, CV39, 2025-7-9, Diptera",flies,Diptera,70,,,,,,,,
msf,recent,2025-07-09,clear vane,39,1,no,1,"msf, CV39, 2025-7-9, Hemiptera","hoppers, aphids, true bugs",Hemiptera,12,,,,,,,,
msf,recent,2025-07-09,clear vane,39,1,no,1,"msf, CV39, 2025-7-9, Hymenoptera","bees, wasps, ants",Hymenoptera,21,,,,,,,,
msf,recent,2025-07-09,clear vane,39,1,no,1,"msf, CV39, 2025-7-9, Coleoptera",beetles,Coleoptera,73,,,,,,,,
,,,,,,,,,,,,,,,,,,,
msf,medium,2025-07-09,clear vane,45,1,no,1,"msf, CV45, 2025-7-9, Hemiptera","hoppers, aphids, true bugs",Hemiptera,9,,,,,,,,
msf,medium,2025-07-09,clear vane,45,1,no,1,"msf, CV45, 2025-7-9, Diptera",flies,Diptera,97,,,,,,,,
msf,medium,2025-07-09,clear vane,45,1,no,1,"msf, CV45, 2025-7-9, Misc",thrips,Thysanoptera,didn't count,,,,,,,,
msf,medium,2025-07-09,clear vane,45,1,no,1,"msf, CV45, 2025-7-9, Misc",mite,Acari,4,,,,,,,,
msf,medium,2025-07-09,clear vane,45,1,no,1,"msf, CV45, 2025-7-9, Misc",springtail,Collembola,1,,,,,,,,
msf,medium,2025-07-09,clear vane,45,1,no,1,"msf, CV45, 2025-7-9, Misc",scorpionfly,Mecoptera,6,,,,,,,,
msf,medium,2025-07-09,clear vane,45,1,no,1,"msf, CV45, 2025-7-9, Misc","moth, butterfly, larvae ",Lepidoptera,5,,,,,,,,
msf,medium,2025-07-09,clear vane,45,1,no,1,"msf, CV45, 2025-7-9, Misc",bark lice,Psocodea,3,,,,,,,,
msf,medium,2025-07-09,clear vane,45,1,no,1,"msf, CV45, 2025-7-9, Hymenoptera","bees, wasps, ants",Hymenoptera,22,,,,,,,,
msf,medium,2025-07-09,clear vane,45,1,no,1,"msf, CV45, 2025-7-9, Coleoptera",beetles,Coleoptera,69,,,,,,,,
,,,,,,,,,,,,,,,,,,,
msf,unburned,2025-07-09,clear vane,52,1,no,1,"msf, CV52, 2025-7-9, Hemiptera","aphids, hoppers, true bug",Hemiptera,15,,,,,,,,
msf,unburned,2025-07-09,clear vane,52,1,no,1,"msf, CV52, 2025-7-9, Misc",mite,Acari,1,,,,,,,,
msf,unburned,2025-07-09,clear vane,52,1,no,1,"msf, CV52, 2025-7-9, Misc",springtail,Collembola,1,,,,,,,,
msf,unburned,2025-07-09,clear vane,52,1,no,1,"msf, CV52, 2025-7-9, Misc",thrips,Thysanoptera,didn't count,,,,,,,,
msf,unburned,2025-07-09,clear vane,52,1,no,1,"msf, CV52, 2025-7-9, Misc",spider,Araneae,1,,,,,,,,
msf,unburned,2025-07-09,clear vane,52,1,no,1,"msf, CV52, 2025-7-9, Misc",scorpionfly,Mecoptera,4,,,,,,,,
msf,unburned,2025-07-09,clear vane,52,1,no,1,"msf, CV52, 2025-7-9, Misc",moth,Lepidoptera,4,,,,,,,,
msf,unburned,2025-07-09,clear vane,52,1,no,1,"msf, CV52, 2025-7-9, Misc",bark lice,Psocodea,2,,,,,,,,
msf,unburned,2025-07-09,clear vane,52,1,no,1,"msf, CV52, 2025-7-9, Hymenoptera","bees, wasps",Hymenoptera,14,,,,,,,,
msf,unburned,2025-07-09,clear vane,52,1,no,1,"msf, CV52, 2025-7-9, Coleoptera",beetles,Coleoptera,81,,,,,,,,
msf,unburned,2025-07-09,clear vane,52,1,no,1,"msf, CV52, 2025-7-9, Diptera",flies,Diptera,165,,,,,,,,
,,,,,,,,,,,,,,,,,,,
sgl100,recent,2025-06-27,clear vane,58,1,no,1,"sgl100, CV58, 2025-6-27, Misc",springtail,Collembola,6,,,,,,,,
sgl100,recent,2025-06-27,clear vane,58,1,no,1,"sgl100, CV58, 2025-6-27, Misc",thrips,Thysanoptera,didn't count,,,,,,,,
sgl100,recent,2025-06-27,clear vane,58,1,no,1,"sgl100, CV58, 2025-6-27, Misc",mite,Acari,20,,,,,,,,
sgl100,recent,2025-06-27,clear vane,58,1,no,1,"sgl100, CV58, 2025-6-27, Misc",grasshopper,Orthoptera,1,,,,,,,,
sgl100,recent,2025-06-27,clear vane,58,1,no,1,"sgl100, CV58, 2025-6-27, Misc",moth,Lepidoptera,4,,,,,,,,
sgl100,recent,2025-06-27,clear vane,58,1,no,1,"sgl100, CV58, 2025-6-27, Misc",spiders,Araneae,2,,,,,,,,
sgl100,recent,2025-06-27,clear vane,58,1,no,1,"sgl100, CV58, 2025-6-27, Diptera",flies,Diptera,109,,,,,,,,
sgl100,recent,2025-06-27,clear vane,58,1,no,1,"sgl100, CV58, 2025-6-27, Misc",scorpion flies,Mecoptera,1,,,,,,,,
sgl100,recent,2025-06-27,clear vane,58,1,no,1,"sgl100, CV58, 2025-6-27, Coleoptera",beetle,Coleoptera,88,,,,,,,,
sgl100,recent,2025-06-27,clear vane,58,1,no,1,"sgl100, CV58, 2025-6-27, Hymenoptera","flies, wasps",Hymenoptera,24,,,,,,,,
sgl100,recent,2025-06-27,clear vane,58,1,no,1,"sgl100, CV58, 2025-6-27, Hemiptera",bug,Hemiptera,2,,,,,,,,
,,,,,,,,,,,,,,,,,,,
sgl100,medium,2025-06-27,clear vane,64,1,yes,1,"sgl100, CV64, 2025-6-27, All",springtail,Collembola,5,,,,,,,,
sgl100,medium,2025-06-27,clear vane,64,1,yes,1,"sgl100, CV64, 2025-6-27, All",beetle,Coleoptera,2,,,,,,,,
sgl100,medium,2025-06-27,clear vane,64,1,yes,1,"sgl100, CV64, 2025-6-27, All",ants,Hymenoptera,1,,,,,,,,
sgl100,medium,2025-06-27,clear vane,64,1,yes,1,"sgl100, CV64, 2025-6-27, All",mites,Acari,3,,,,,,,,
sgl100,medium,2025-06-27,clear vane,64,1,yes,1,"sgl100, CV64, 2025-6-27, All",thrips,Thysanoptera,did not count,,,,,,,,
,,,,,,,,,,,,,,,,,,,
sgl100,unburned,2025-06-27,clear vane,70,1,no,1,"sgl100, CV70, 2025-6-27, Misc",millipede,Diplopoda,2,,,,,,,,
sgl100,unburned,2025-06-27,clear vane,70,1,no,1,"sgl100, CV70, 2025-6-27, Diptera",flies,Diptera,59,,,,,,,,
sgl100,unburned,2025-06-27,clear vane,70,1,no,1,"sgl100, CV70, 2025-6-27, Hymenoptera","bees, ants",Hymenoptera,49,,,,,,,,
sgl100,unburned,2025-06-27,clear vane,70,1,no,1,"sgl100, CV70, 2025-6-27, Hemiptera",bug,Hemiptera,9,,,,,,,,
sgl100,unburned,2025-06-27,clear vane,70,1,no,1,"sgl100, CV70, 2025-6-27, Coleoptera",beetles,Coleoptera,89,,,,,,,,
sgl100,unburned,2025-06-27,clear vane,70,1,no,1,"sgl100, CV70, 2025-6-27, misc",mites,Acari,13,,,,,,,,
sgl100,unburned,2025-06-27,clear vane,70,1,no,1,"sgl100, CV70, 2025-6-27, misc",springtail,Collembola,6,,,,,,,,
sgl100,unburned,2025-06-27,clear vane,70,1,no,1,"sgl100, CV70, 2025-6-27, misc",spiders,Araneae,5,,,,,,,,
sgl100,unburned,2025-06-27,clear vane,70,1,no,1,"sgl100, CV70, 2025-6-27, misc",moths,Lepidoptera,8,,,,,,,,
sgl100,unburned,2025-06-27,clear vane,70,1,no,1,"sgl100, CV70, 2025-6-27, misc",thrips,Thysanoptera,did not count,,,,,,,,
sgl100,unburned,2025-06-27,clear vane,70,1,no,1,"sgl100, CV70, 2025-6-27, misc",katydid,Orthoptera,1,,,,,,,,
,,,,,,,,,,,,,,,,,,,
sgl176,recent,2025-07-21,clear vane,74,1,no,1,"sgl176, CV74, 2025-7-21, Diptera",flies,Diptera,83,82,,,,,,,
sgl176,recent,2025-07-21,clear vane,74,1,no,1,"sgl176, CV74, 2025-7-21, Coleoptera",beetles,Coleoptera,110,,,,,,,,
sgl176,recent,2025-07-21,clear vane,74,1,no,1,"sgl176, CV74, 2025-7-21, Hymenoptera","bees, wasps, ants",Hymenoptera,37,,,,,,,,
sgl176,recent,2025-07-21,clear vane,74,1,no,1,"sgl176, CV74, 2025-7-21, Hemiptera","aphids, true bugs, hoppers",Hemiptera,17,,,,,,,,
sgl176,recent,2025-07-21,clear vane,74,1,no,1,"sgl176, CV74, 2025-7-21, Misc","moths, larvae",Lepidoptera,6,,,,,,,,
sgl176,recent,2025-07-21,clear vane,74,1,no,1,"sgl176, CV74, 2025-7-21, Misc",spiders,Araneae,1,,,,,,,,
sgl176,recent,2025-07-21,clear vane,74,1,no,1,"sgl176, CV74, 2025-7-21, Misc",lacewing,Neuroptera,1,,,,,,,,
sgl176,recent,2025-07-21,clear vane,74,1,no,1,"sgl176, CV74, 2025-7-21, Misc",bark lice,Psocodea,2,,,,,,,,
sgl176,recent,2025-07-21,clear vane,74,1,no,1,"sgl176, CV74, 2025-7-21, Misc",katydid,Orthoptera,1,,,,,,,,
sgl176,recent,2025-07-21,clear vane,74,1,no,1,"sgl176, CV74, 2025-7-21, Misc",thrips,Thysanoptera,didn't count,,,,,,,,
sgl176,recent,2025-07-21,clear vane,74,1,no,1,"sgl176, CV74, 2025-7-21, Misc",mite,Acari,3,,,,,,,,
sgl176,recent,2025-07-21,clear vane,74,1,no,1,"sgl176, CV74, 2025-7-21, Misc",springtail,Collembola,3,,,,,,,,
,,,,,,,,,,,,,,,,,,,
sgl176,medium,2025-07-21,clear vane,82,1,no,1,"sgl176, CV82, 2025-7-21, Coleoptera",beetles,Coleoptera,59,,,,,,,,
sgl176,medium,2025-07-21,clear vane,82,1,no,1,"sgl176, CV82, 2025-7-21, Misc",lacewing larvae,Neuroptera,1,,,,,,,,
sgl176,medium,2025-07-21,clear vane,82,1,no,1,"sgl176, CV82, 2025-7-21, Hemiptera","aphids, hoppers, true bugs",Hemiptera,10,,,,,,,,
sgl176,medium,2025-07-21,clear vane,82,1,no,1,"sgl176, CV82, 2025-7-21, Hymenoptera","bees, ants, wasps",Hymenoptera,26,,,,,,,,
sgl176,medium,2025-07-21,clear vane,82,1,no,1,"sgl176, CV82, 2025-7-21, Diptera",flies,Diptera,46,45,,,,,,,
sgl176,medium,2025-07-21,clear vane,82,1,no,1,"sgl176, CV82, 2025-7-21, Misc",thrips,Thysanoptera,didn't count,,,,,,,,
sgl176,medium,2025-07-21,clear vane,82,1,no,1,"sgl176, CV82, 2025-7-21, Misc",mite,Acari,34,,,,,,,,
sgl176,medium,2025-07-21,clear vane,82,1,no,1,"sgl176, CV82, 2025-7-21, Misc",springtail,Collembola,5,,,,,,,,
sgl176,medium,2025-07-21,clear vane,82,1,no,1,"sgl176, CV82, 2025-7-21, Misc",bark lice,Psocodea,4,,,,,,,,
sgl176,medium,2025-07-21,clear vane,82,1,no,1,"sgl176, CV82, 2025-7-21, Misc","moths, larvae",Lepidoptera,10,,,,,,,,
sgl176,medium,2025-07-21,clear vane,82,1,no,1,"sgl176, CV82, 2025-7-21, Misc",spiders,Araneae,2,,,,,,,,
,,,,,,,,,,,,,,,,,,,
sgl176,unburned,2025-07-21,clear vane,87,1,no,1,"sgl176, CV87, 2025-7-21, Diptera",flies,Diptera,35,,,,,,,,
sgl176,unburned,2025-07-21,clear vane,87,1,no,1,"sgl176, CV87, 2025-7-21, Coleoptera",beetles,Coleoptera,23,,,,,,,,
sgl176,unburned,2025-07-21,clear vane,87,1,no,1,"sgl176, CV87, 2025-7-21, Hymenoptera","bees, wasps",Hymenoptera,11,,,,,,,,
sgl176,unburned,2025-07-21,clear vane,87,1,no,1,"sgl176, CV87, 2025-7-21, Misc",thrips,Thysanoptera,1,,,,,,,,
sgl176,unburned,2025-07-21,clear vane,87,1,no,1,"sgl176, CV87, 2025-7-21, Misc",mite,Acari,1,,,,,,,,
sgl176,unburned,2025-07-21,clear vane,87,1,no,1,"sgl176, CV87, 2025-7-21, Misc",springtail,Collembola,3,,,,,,,,
sgl176,unburned,2025-07-21,clear vane,87,1,no,1,"sgl176, CV87, 2025-7-21, Misc","moth, larvae",Lepidoptera,3,,,,,,,,
sgl176,unburned,2025-07-21,clear vane,87,1,no,1,"sgl176, CV87, 2025-7-21, Misc",bark lice,Psocodea,1,,,,,,,,
sgl176,unburned,2025-07-21,clear vane,87,1,no,1,"sgl176, CV87, 2025-7-21, Hemiptera","assasin bugs, true bug, aphid",Hemiptera,4,,,,,,,,
,,,,,,,,,,,,,,,,,,,
sgl322,recent,2025-07-30,clear vane,6,2,no,1,"sgl322, CV6, 2025-7-30, Coleoptera",beetles,Coleoptera,140,,,,,,,,
sgl322,recent,2025-07-30,clear vane,6,2,no,1,"sgl322, CV6, 2025-7-30, Hemiptera","assassin bugs, true bugs, aphids, lantern flies",Hemiptera,18,17,,,,,,,
sgl322,recent,2025-07-30,clear vane,6,2,no,1,"sgl322, CV6, 2025-7-30, Diptera",flies,Diptera,98,97,,,,,,,
sgl322,recent,2025-07-30,clear vane,6,2,no,1,"sgl322, CV6, 2025-7-30, Hymenoptera","ants, wasps, bees",Hymenoptera,25,,,,,,,,
sgl322,recent,2025-07-30,clear vane,6,2,no,1,"sgl322, CV6, 2025-7-30, Misc",thrips,Thysanoptera,didn't count,,,,,,,,
sgl322,recent,2025-07-30,clear vane,6,2,no,1,"sgl322, CV6, 2025-7-30, Misc",mite,Acari,49,44,,,,,,,
sgl322,recent,2025-07-30,clear vane,6,2,no,1,"sgl322, CV6, 2025-7-30, Misc",springtail,Collembola,2,,,,,,,,
sgl322,recent,2025-07-30,clear vane,6,2,no,1,"sgl322, CV6, 2025-7-30, Misc","moth, larvae",Lepidoptera,8,,,,,,,,
sgl322,recent,2025-07-30,clear vane,6,2,no,1,"sgl322, CV6, 2025-7-30, Misc",bark lice,Psocodea,3,,,,,,,,
,,,,,,,,,,,,,,,,,,,
sgl322,medium,2025-07-30,clear vane,12,2,no,1,"sgl322, CV12 2025-7-30, Diptera",flies,Diptera,30,*weird wingless fly? Maybe? Good vibes tho,,,,,,,
sgl322,medium,2025-07-30,clear vane,12,2,no,1,"sgl322, CV12 2025-7-30, Coleoptera",beetles,Coleoptera,66,,,,,,,,
sgl322,medium,2025-07-30,clear vane,12,2,no,1,"sgl322, CV12 2025-7-30, Hymenoptera","bees, wasps, ants",Hymenoptera,39,,,,,,,,
sgl322,medium,2025-07-30,clear vane,12,2,no,1,"sgl322, CV12 2025-7-30, Hemiptera","hopper, aphid, true bugs",Hemiptera,8,,,,,,,,
sgl322,medium,2025-07-30,clear vane,12,2,no,1,"sgl322, CV12 2025-7-30, Misc",thrips,Thysanoptera,didn't count,,,,,,,,
sgl322,medium,2025-07-30,clear vane,12,2,no,1,"sgl322, CV12 2025-7-30, Misc",mite,Acari,4,,,,,,,,
sgl322,medium,2025-07-30,clear vane,12,2,no,1,"sgl322, CV12 2025-7-30, Misc",springtail,Collembola,3,,,,,,,,
sgl322,medium,2025-07-30,clear vane,12,2,no,1,"sgl322, CV12 2025-7-30, Misc","moth, larvae",Lepidoptera,3,,,,,,,,
sgl322,medium,2025-07-30,clear vane,12,2,no,1,"sgl322, CV12 2025-7-30, Misc",spiders,Araneae,1,,,,,,,,
sgl322,medium,2025-07-30,clear vane,12,2,no,1,"sgl322, CV12 2025-7-30, Misc",scorpion flies,Mecoptera,1,,,,,,,,
,,,,,,,,,,,,,,,,,,,
besf,recent,2025-08-13,clear vane,21,2,no,1,"besf, CV21 2025-08-13, Diptera",Flies,Diptera,61,,,,,,,,
besf,recent,2025-08-13,clear vane,21,2,no,1,"besf, CV21 2025-08-13, Coleoptera",Beetles,Coleoptera,27,,,,,,,,
besf,recent,2025-08-13,clear vane,21,2,no,1,"besf, CV21 2025-08-13, Hymenoptera","Bees, Wasps, Flies",Hymenoptera,34,,,,,,,,
besf,recent,2025-08-13,clear vane,21,2,no,1,"besf, CV21 2025-08-13, Hemiptera",True Bugs,Hemiptera,11,,,,,,,,
besf,recent,2025-08-13,clear vane,21,2,no,1,"besf, CV21 2025-08-13, Misc",Thrips,Thysanoptera,did not count,,,,,,,,
besf,recent,2025-08-13,clear vane,21,2,no,1,"besf, CV21 2025-08-13, Misc",Moth,Lepidoptera,4,,,,,,,,
besf,recent,2025-08-13,clear vane,21,2,no,1,"besf, CV21 2025-08-13, Misc",scorpionfly,Mecoptera,1,,,,,,,,
besf,recent,2025-08-13,clear vane,21,2,no,1,"besf, CV21 2025-08-13, Misc",grasshopper,Orthoptera,1,,,,,,,,
,,,,,,,,,,,,,,,,,,,
besf,medium,2025-08-13,clear vane,29,2,no,1,"besf, CV29, 2025-08-13, Hemiptera","true bugs, aphid, hoppers",Hemiptera,13,,,,,,,,
besf,medium,2025-08-13,clear vane,29,2,no,1,"besf, CV29, 2025-08-13, Coleoptera",beetles,Coleoptera,10,,,,,,,,
besf,medium,2025-08-13,clear vane,29,2,no,1,"besf, CV29, 2025-08-13, Diptera",flies,Diptera,21,,,,,,,,
besf,medium,2025-08-13,clear vane,29,2,no,1,"besf, CV29, 2025-08-13, Hymenoptera","bees, wasps, ants",Hymenoptera,26,,,,,,,,
besf,medium,2025-08-13,clear vane,29,2,no,1,"besf, CV29, 2025-08-13, Misc",thrips,Thysanoptera,didn't count,,,,,,,,
besf,medium,2025-08-13,clear vane,29,2,no,1,"besf, CV29, 2025-08-13, Misc",mite,Acari,74,,,,,,,,
besf,medium,2025-08-13,clear vane,29,2,no,1,"besf, CV29, 2025-08-13, Misc",springtail,Collembola,1,,,,,,,,
besf,medium,2025-08-13,clear vane,29,2,no,1,"besf, CV29, 2025-08-13, Misc",spiders,Araneae,2,,,,,,,,
,,,,,,,,,,,,,,,,,,,
besf,unburned,2025-08-13,clear vane,34,2,no,1,"besf, CV34, 2025-08-13, Hemiptera","assassin bugs, hoppers",Hemiptera,3,,,,,,,,
besf,unburned,2025-08-13,clear vane,34,2,no,1,"besf, CV34, 2025-08-13, Hymenoptera","bees, wasps",Hymenoptera,4,,,,,,,,
besf,unburned,2025-08-13,clear vane,34,2,no,1,"besf, CV34, 2025-08-13, Coleoptera",beetles,Coleoptera,22,,,,,,,,
besf,unburned,2025-08-13,clear vane,34,2,no,1,"besf, CV34, 2025-08-13, Diptera",flies,Diptera,13,,,,,,,,
besf,unburned,2025-08-13,clear vane,34,2,no,1,"besf, CV34, 2025-08-13, Psocodea",bark lice,Psocodea,7,,,,,,,,
besf,unburned,2025-08-13,clear vane,34,2,no,1,"besf, CV34, 2025-08-13, Misc",Thrips,Thysanoptera, didn't count,,,,,,,,
,,,,,,,,,,,,,,,,,,,
msf,recent,2025-08-26,clear vane,39,2,no,1,"msf, CV39, 2025-8-26, Diptera",flies,Diptera,99,,,,,,,,
msf,recent,2025-08-26,clear vane,39,2,no,1,"msf, CV39, 2025-8-26, Hymenoptera","bees, wasps, ants",Hymenoptera,14,,,,,,,,
msf,recent,2025-08-26,clear vane,39,2,no,1,"msf, CV39, 2025-8-26, Hemiptera","hoppers, aphids",Hemiptera,13,,,,,,,,
msf,recent,2025-08-26,clear vane,39,2,no,1,"msf, CV39, 2025-8-26, Coleoptera",beetles,Coleoptera,47,,,,,,,,
msf,recent,2025-08-26,clear vane,39,2,no,1,"msf, CV39, 2025-8-26, Misc",thrips,Thysanoptera,didn't count,,,,,,,,
msf,recent,2025-08-26,clear vane,39,2,no,1,"msf, CV39, 2025-8-26, Misc",mite,Acari,2,,,,,,,,
msf,recent,2025-08-26,clear vane,39,2,no,1,"msf, CV39, 2025-8-26, Misc",springtail,Collembola,2,,,,,,,,
msf,recent,2025-08-26,clear vane,39,2,no,1,"msf, CV39, 2025-8-26, Misc",spiders,Araneae,5,,,,,,,,
msf,recent,2025-08-26,clear vane,39,2,no,1,"msf, CV39, 2025-8-26, Misc",bark lice,Psocodea,5,,,,,,,,
msf,recent,2025-08-26,clear vane,39,2,no,1,"msf, CV39, 2025-8-26, Misc",Moth,Lepidoptera,5,,,,,,,,
,,,,,,,,,,,,,,,,,,,
msf,medium,2025-08-26,clear vane,45,2,no,1,"msf, CV45, 2025-08-26, Hymenoptera","ants, bees, wasps",Hymenoptera,24,23,,,,,,,
msf,medium,2025-08-26,clear vane,45,2,no,1,"msf, CV45, 2025-08-26, Diptera",flies,Diptera,123,,,,,,,,
msf,medium,2025-08-26,clear vane,45,2,no,1,"msf, CV45, 2025-08-26, Coleoptera",beetles,Coleoptera,33,,,,,,,,
msf,medium,2025-08-26,clear vane,45,2,no,1,"msf, CV45, 2025-08-26, Hemiptera","true bug, aphids",Hemiptera,8,,,,,,,,
msf,medium,2025-08-26,clear vane,45,2,no,1,"msf, CV45, 2025-08-26, Misc",thrips,Thysanoptera,didn't count,,,,,,,,
msf,medium,2025-08-26,clear vane,45,2,no,1,"msf, CV45, 2025-08-26, Misc",mite,Acari,9,,,,,,,,
msf,medium,2025-08-26,clear vane,45,2,no,1,"msf, CV45, 2025-08-26, Misc",springtail,Collembola,6,,,,,,,,
msf,medium,2025-08-26,clear vane,45,2,no,1,"msf, CV45, 2025-08-26, Misc",spiders,Araneae,2,,,,,,,,
msf,medium,2025-08-26,clear vane,45,2,no,1,"msf, CV45, 2025-08-26, Misc",bark lice,Psocodea,7,,,,,,,,
msf,medium,2025-08-26,clear vane,45,2,no,1,"msf, CV45, 2025-08-26, Misc",butterfly,Lepidoptera,1,,,,,,,,
msf,medium,2025-08-26,clear vane,45,2,no,1,"msf, CV45, 2025-08-26, Misc",Scorpionfly,Mecoptera,1,,,,,,,,
msf,medium,2025-08-26,clear vane,45,2,no,1,"msf, CV45, 2025-08-26, Misc",Katydid,Orthoptera,2,,,,,,,,
,,,,,,,,,,,,,,,,,,,
msf,unburned,2025-08-26,clear vane,52,2,no,1,"msf, CV52, 2025-08-26, Hymenoptera","ants, bees, wasps",Hymenoptera,11,,,,,,,,
msf,unburned,2025-08-26,clear vane,52,2,no,1,"msf, CV52, 2025-08-26, Diptera",flies,Diptera,62,,,,,,,,
msf,unburned,2025-08-26,clear vane,52,2,no,1,"msf, CV52, 2025-08-26, Coleoptera",beetles,Coleoptera,78,,,,,,,,
msf,unburned,2025-08-26,clear vane,52,2,no,1,"msf, CV52, 2025-08-26, Hemiptera","true bug, aphids",Hemiptera,2,,,,,,,,
msf,unburned,2025-08-26,clear vane,52,2,no,1,"msf, CV52, 2025-08-26, Misc",thrips,Thysanoptera,didn't count,,,,,,,,
msf,unburned,2025-08-26,clear vane,52,2,no,1,"msf, CV52, 2025-08-26, Misc",mite,Acari,2,,,,,,,,
msf,unburned,2025-08-26,clear vane,52,2,no,1,"msf, CV52, 2025-08-26, Misc",springtail,Collembola,6,,,,,,,,
msf,unburned,2025-08-26,clear vane,52,2,no,1,"msf, CV52, 2025-08-26, Misc",spiders,Araneae,1,,,,,,,,
msf,unburned,2025-08-26,clear vane,52,2,no,1,"msf, CV52, 2025-08-26, Misc",bark lice,Psocodea,3,,,,,,,,
msf,unburned,2025-08-26,clear vane,52,2,no,1,"msf, CV52, 2025-08-26, Misc",Moth,Lepidoptera,1,,,,,,,,
,,,,,,,,,,,,,,,,,,,
sgl100,recent,2025-08-12,clear vane,58,2,no,1,"sgl100, CV58, 2025-08-12, Hymenoptera","ants, bees, wasps",Hymenoptera,47,46,,,,,,,
sgl100,recent,2025-08-12,clear vane,58,2,no,1,"sgl100, CV58, 2025-08-12, Diptera",flies,Diptera,97,,,,,,,,
sgl100,recent,2025-08-12,clear vane,58,2,no,1,"sgl100, CV58, 2025-08-12, Coleoptera",beetles,Coleoptera,27,,,,,,,,
sgl100,recent,2025-08-12,clear vane,58,2,no,1,"sgl100, CV58, 2025-08-12, Hemiptera","true bug, aphids, hoppers",Hemiptera,29,,,,,,,,
sgl100,recent,2025-08-12,clear vane,58,2,no,1,"sgl100, CV58, 2025-08-12, Misc",thrips,Thysanoptera,didn't count,,,,,,,,
sgl100,recent,2025-08-12,clear vane,58,2,no,1,"sgl100, CV58, 2025-08-12, Misc",bark lice,Psocodea,6,,,,,,,,
sgl100,recent,2025-08-12,clear vane,58,2,no,1,"sgl100, CV58, 2025-08-12, Misc","butterfly, larvae",Lepidoptera,4,,,,,,,,
sgl100,recent,2025-08-12,clear vane,58,2,no,1,"sgl100, CV58, 2025-08-12, Misc",Katydid,Orthoptera,3,,,,,,,,
,,,,,,,,,,,,,,,,,,,
sgl100,medium,2025-08-12,clear vane,64,2,no,1,"sgl100, CV64, 2025-08-12, Hymenoptera","bees, wasps, ants",Hymenoptera,107,,,,,,,,
sgl100,medium,2025-08-12,clear vane,64,2,no,1,"sgl100, CV64, 2025-08-12, Diptera",flies,Diptera,53,,,,,,,,
sgl100,medium,2025-08-12,clear vane,64,2,no,1,"sgl100, CV64, 2025-08-12, Coleoptera",beetles,Coleoptera,49,,,,,,,,
sgl100,medium,2025-08-12,clear vane,64,2,no,1,"sgl100, CV64, 2025-08-12, Hemiptera","true bug, aphids, hoppers",Hemiptera,8,7,,,,,,,
sgl100,medium,2025-08-12,clear vane,64,2,no,1,"sgl100, CV64, 2025-08-12, Misc",thrips,Thysanoptera,didn't count,,,,,,,,
sgl100,medium,2025-08-12,clear vane,64,2,no,1,"sgl100, CV64, 2025-08-12, Misc",bark lice,Psocodea,6,,,,,,,,
sgl100,medium,2025-08-12,clear vane,64,2,no,1,"sgl100, CV64, 2025-08-12, Misc",moths,Lepidoptera,5,,,,,,,,
sgl100,medium,2025-08-12,clear vane,64,2,no,1,"sgl100, CV64, 2025-08-12, Misc",mite,Acari,196,,,,,,,,
sgl100,medium,2025-08-12,clear vane,64,2,no,1,"sgl100, CV64, 2025-08-12, Misc",springtail,Collembola,2,,,,,,,,
sgl100,medium,2025-08-12,clear vane,64,2,no,1,"sgl100, CV64, 2025-08-12, Misc",spiders,Araneae,5,,,,,,,,
sgl100,medium,2025-08-12,clear vane,64,2,no,1,"sgl100, CV64, 2025-08-12, Misc",lacewing,Neuroptera,1,,,,,,,,
,,,,,,,,,,,,,,,,,,,
sgl100,unburned,2025-08-12,clear vane,70,2,no,1,"sgl100, CV70, 2025-08-12, Hymenoptera","ants, bees, wasps",Hymenoptera,64,,,,,,,,
sgl100,unburned,2025-08-12,clear vane,70,2,no,1,"sgl100, CV70, 2025-08-12, Diptera",flies,Diptera,34,,,,,,,,
sgl100,unburned,2025-08-12,clear vane,70,2,no,1,"sgl100, CV70, 2025-08-12, Hemiptera",true bugs,Hemiptera,8,6,,,,,,,
sgl100,unburned,2025-08-12,clear vane,70,2,no,1,"sgl100, CV70, 2025-08-12, Coleoptera",beetles,Coleoptera,18,20,,,,,,,
sgl100,unburned,2025-08-12,clear vane,70,2,no,1,"sgl100, CV70, 2025-08-12, Lepidoptera",moths,Lepidoptera,5,,,,,,,,
sgl100,unburned,2025-08-12,clear vane,70,2,no,1,"sgl100, CV70, 2025-08-12, Thysanoptera",thrips,Thysanoptera,did not count,,,,,,,,
sgl100,unburned,2025-08-12,clear vane,70,2,no,1,"sgl100, CV70, 2025-08-12, Acari",mites,Acari,2,,,,,,,,
sgl100,unburned,2025-08-12,clear vane,70,2,no,1,"sgl100, CV70, 2025-08-12, Psocodea",bark lice,Psocodea,1,,,,,,,,
sgl100,unburned,2025-08-12,clear vane,70,2,no,1,"sgl100, CV70, 2025-08-12, Araneae",spiders,Araneae,3,,,,,,,,
,,,,,,,,,,,,,,,,,,,
sgl176,recent,2025-08-28,clear vane,74,2,no,1,"sgl176, CV74, 2025-08-28, Hymenoptera","ants, bees, wasps",Hymenoptera,14,13,,,,,,,
sgl176,recent,2025-08-28,clear vane,74,2,no,1,"sgl176, CV74, 2025-08-28, Diptera",flies,Diptera,12,,,,,,,,
sgl176,recent,2025-08-28,clear vane,74,2,no,1,"sgl176, CV74, 2025-08-28, Coleoptera",beetles,Coleoptera,53,54,,,,,,,
sgl176,recent,2025-08-28,clear vane,74,2,no,1,"sgl176, CV74, 2025-08-28, Hemiptera","true bug, aphids, hoppers",Hemiptera,7,,,,,,,,
sgl176,recent,2025-08-28,clear vane,74,2,no,1,"sgl176, CV74, 2025-08-28, Misc",thrips,Thysanoptera,didn't count,,,,,,,,
sgl176,recent,2025-08-28,clear vane,74,2,no,1,"sgl176, CV74, 2025-08-28, Misc",mites,Acari,1,,,,,,,,
sgl176,recent,2025-08-28,clear vane,74,2,no,1,"sgl176, CV74, 2025-08-28, Misc",larvae,Lepidoptera,2,,,,,,,,
,,,,,,,,,,,,,,,,,,,
sgl176,medium,2025-08-28,clear vane,82,2,no,1,"sgl176, CV82, 2025-08-28, Hemiptera",true bugs,Hemiptera,2,1,,,,,,,
sgl176,medium,2025-08-28,clear vane,82,2,no,1,"sgl176, CV82, 2025-08-28, Hymenoptera","ants, bees, wasps",Hymenoptera,27,,,,,,,,
sgl176,medium,2025-08-28,clear vane,82,2,no,1,"sgl176, CV82, 2025-08-28, Coleoptera",beetles,Coleoptera,28,29,,,,,,,
sgl176,medium,2025-08-28,clear vane,82,2,no,1,"sgl176, CV82, 2025-08-28, Diptera",flies,Diptera,15,,,,,,,,
sgl176,medium,2025-08-28,clear vane,82,2,no,1,"sgl176, CV82, 2025-08-28, Thysanoptera",thrips,Thysanoptera,did not count,,,,,,,,
sgl176,medium,2025-08-28,clear vane,82,2,no,1,"sgl176, CV82, 2025-08-28, Collembola",springtails,Collembola,7,,,,,,,,
sgl176,medium,2025-08-28,clear vane,82,2,no,1,"sgl176, CV82, 2025-08-28, Misc",,Psocodea,1,,,,,,,,
sgl176,medium,2025-08-28,clear vane,82,2,no,1,"sgl176, CV82, 2025-08-28, Misc",,,,,,,,,,,
,,,,,,,,,,,,,,,,,,,
sgl176,unburned,2025-08-28,clear vane,87,2,no,1,"sgl176, CV87, 2025-08-28, Hymenoptera","ants, bees, wasps",Hymenoptera,11,,,,,,,,
sgl176,unburned,2025-08-28,clear vane,87,2,no,1,"sgl176, CV87, 2025-08-28, Diptera",flies,Diptera,6,,,,,,,,
sgl176,unburned,2025-08-28,clear vane,87,2,no,1,"sgl176, CV87, 2025-08-28, Coleoptera",beetles,Coleoptera,15,16,,,,,,,
sgl176,unburned,2025-08-28,clear vane,87,2,no,1,"sgl176, CV87, 2025-08-28, Hemiptera","true bug, aphids, hoppers",Hemiptera,3,,,,,,,,
sgl176,unburned,2025-08-28,clear vane,87,2,no,1,"sgl176, CV87, 2025-08-28, Misc",thrips,Thysanoptera,didn't count,,,,,,,,
sgl176,unburned,2025-08-28,clear vane,87,2,no,1,"sgl176, CV87, 2025-08-28, Misc",spingtail,Collembola,6,,,,,,,,
sgl176,unburned,2025-08-28,clear vane,87,2,no,1,"sgl176, CV87, 2025-08-28, Misc",mites,Acari,2,,,,,,,,
sgl176,unburned,2025-08-28,clear vane,87,2,no,1,"sgl176, CV87, 2025-08-28, Misc",bark lice,Psocodea,1,,,,,,,,
sgl176,unburned,2025-08-28,clear vane,87,2,no,1,"sgl176, CV87, 2025-08-28, Misc",Lepidopteran larva,Lepidoptera,1,,,,,,,,
,,,,,,Count if Hym,Sum all Hyms,Avg Hyms per CV,,,,,,,,,,,
,,,,,,72,1729,29.30508475,,,,,,,,,,,
sgl322,medium,2025-06-10,clear vane,,1,,,,,,,,,,,,,,
sgl322,unburned,2025-06-10,clear vane,,1,,,,,,,,,,,,,,
sgl322,recent,2025-06-09,sticky,,1,# of CVs,,,,,,,,,,,,,
sgl322,medium,2025-06-10,sticky,,1,Should be 59,,,,,,,,,,,,,
sgl322,unburned,2025-06-10,sticky,,1,,,,,,,,,,,,,,
sgl322,recent,2025-06-09,soil,,1,,,,,,,,,,,,,,
sgl322,medium,2025-06-10,soil,,1,,,,,,,,,,,,,,
sgl322,unburned,2025-06-10,soil,,1,,,,,,,,,,,,,,
besf,recent,2025-07-03,clear vane,,1,,,,,,,,,,,,,,
besf,medium,2025-07-03,clear vane,,1,,,,,,,,,,,,,,
besf,unburned,2025-07-03,clear vane,,1,,,,,,,,,,,,,,
besf,recent,2025-07-03,sticky,,1,,,,,,,,,,,,,,
besf,medium,2025-07-03,sticky,,1,,,,,,,,,,,,,,
besf,unburned,2025-07-03,sticky,,1,,,,,,,,,,,,,,
besf,recent,2025-07-03,soil,,1,,,,,,,,,,,,,,
besf,medium,2025-07-03,soil,,1,,,,,,,,,,,,,,
besf,unburned,2025-07-03,soil,,1,,,,,,,,,,,,,,
msf,recent,2025-07-09,clear vane,,1,,,,,,,,,,,,,,
msf,medium,2025-07-09,clear vane,,1,,,,,,,,,,,,,,
msf,unburned,2025-07-09,clear vane,,1,,,,,,,,,,,,,,
msf,recent,2025-07-09,sticky,,1,,,,,,,,,,,,,,
msf,medium,2025-07-09,sticky,,1,,,,,,,,,,,,,,
msf,unburned,2025-07-09,sticky,,1,,,,,,,,,,,,,,
msf,recent,2025-07-10,soil,,1,,,,,,,,,,,,,,
msf,medium,2025-07-10,soil,,1,,,,,,,,,,,,,,
msf,unburned,2025-07-10,soil,,1,,,,,,,,,,,,,,
sgl100,recent,2025-06-27,clear vane,,1,,,,,,,,,,,,,,
sgl100,medium,2025-06-27,clear vane,,1,,,,,,,,,,,,,,
sgl100,unburned,2025-06-27,clear vane,,1,,,,,,,,,,,,,,
sgl100,recent,2025-06-27,sticky,,1,,,,,,,,,,,,,,
sgl100,medium,2025-06-27,sticky,,1,,,,,,,,,,,,,,
sgl100,unburned,2025-06-27,sticky,,1,,,,,,,,,,,,,,
sgl100,recent,2025-06-27,soil,,1,,,,,,,,,,,,,,
sgl100,medium,2025-06-27,soil,,1,,,,,,,,,,,,,,
sgl100,unburned,2025-06-27,soil,,1,,,,,,,,,,,,,,
sgl176,recent,2025-07-21,clear vane,,1,,,,,,,,,,,,,,
sgl176,medium,2025-07-21,clear vane,,1,,,,,,,,,,,,,,
sgl176,unburned,2025-07-21,clear vane,,1,,,,,,,,,,,,,,
sgl176,recent,2025-07-21,sticky,,1,,,,,,,,,,,,,,
sgl176,medium,2025-07-21,sticky,,1,,,,,,,,,,,,,,
sgl176,unburned,2025-07-21,sticky,,1,,,,,,,,,,,,,,
sgl176,recent,2025-07-21,soil,,1,,,,,,,,,,,,,,
sgl176,medium,2025-07-21,soil,,1,,,,,,,,,,,,,,
sgl176,unburned,2025-07-21,soil,,1,,,,,,,,,,,,,,
sgl322,recent,2025-07-30,clear vane,,2,,,,,,,,,,,,,,
sgl322,medium,2025-07-30,clear vane,,2,,,,,,,,,,,,,,
sgl322,unburned,2025-07-30,clear vane,,2,,,,,,,,,,,,,,
sgl322,recent,2025-07-30,sticky,,2,,,,,,,,,,,,,,
sgl322,medium,2025-07-30,sticky,,2,,,,,,,,,,,,,,
sgl322,unburned,2025-07-30,sticky,,2,,,,,,,,,,,,,,
sgl322,recent,2025-07-30,soil,,2,,,,,,,,,,,,,,
sgl322,medium,2025-07-30,soil,,2,,,,,,,,,,,,,,
sgl322,unburned,2025-07-30,soil,,2,,,,,,,,,,,,,,
besf,recent,2025-08-13,clear vane,,2,,,,,,,,,,,,,,
besf,medium,2025-08-13,clear vane,,2,,,,,,,,,,,,,,
besf,unburned,2025-08-13,clear vane,,2,,,,,,,,,,,,,,
besf,recent,2025-08-13,sticky,,2,,,,,,,,,,,,,,
besf,medium,2025-08-13,sticky,,2,,,,,,,,,,,,,,
besf,unburned,2025-08-13,sticky,,2,,,,,,,,,,,,,,
besf,recent,2025-08-13,soil,,2,,,,,,,,,,,,,,
besf,medium,2025-08-13,soil,,2,,,,,,,,,,,,,,
besf,unburned,2025-08-13,soil,,2,,,,,,,,,,,,,,
msf,recent,2025-08-26,clear vane,,2,,,,,,,,,,,,,,
msf,medium,2025-08-26,clear vane,,2,,,,,,,,,,,,,,
msf,unburned,2025-08-26,clear vane,,2,,,,,,,,,,,,,,
msf,recent,2025-08-26,sticky,,2,,,,,,,,,,,,,,
msf,medium,2025-08-26,sticky,,2,,,,,,,,,,,,,,
msf,unburned,2025-08-26,sticky,,2,,,,,,,,,,,,,,
msf,recent,2025-08-26,soil,,2,,,,,,,,,,,,,,
msf,medium,2025-08-26,soil,,2,,,,,,,,,,,,,,
msf,unburned,2025-08-26,soil,,2,,,,,,,,,,,,,,
sgl100,recent,2025-08-12,clear vane,,2,,,,,,,,,,,,,,
sgl100,medium,2025-08-12,clear vane,,2,,,,,,,,,,,,,,
sgl100,unburned,2025-08-12,clear vane,,2,,,,,,,,,,,,,,
sgl100,recent,2025-08-12,sticky,,2,,,,,,,,,,,,,,
sgl100,medium,2025-08-12,sticky,,2,,,,,,,,,,,,,,
sgl100,unburned,2025-08-12,sticky,,2,,,,,,,,,,,,,,
sgl100,recent,2025-08-12,soil,,2,,,,,,,,,,,,,,
sgl100,medium,2025-08-12,soil,,2,,,,,,,,,,,,,,
sgl100,unburned,2025-08-12,soil,,2,,,,,,,,,,,,,,
sgl176,recent,2025-08-28,clear vane,,2,,,,,,,,,,,,,,
sgl176,medium,2025-08-28,clear vane,,2,,,,,,,,,,,,,,
sgl176,unburned,2025-08-28,clear vane,,2,,,,,,,,,,,,,,
sgl176,recent,2025-08-28,sticky,,2,,,,,,,,,,,,,,
sgl176,medium,2025-08-28,sticky,,2,,,,,,,,,,,,,,
sgl176,unburned,2025-08-28,sticky,,2,,,,,,,,,,,,,,
sgl176,recent,2025-08-29,soil,,2,,,,,,,,,,,,,,
sgl176,medium,2025-08-29,soil,,2,,,,,,,,,,,,,,
sgl176,unburned,2025-08-29,soil,,2,,,,,,,,,,,,,,
,,,,,,,,,,,,,,,,,,,
,,,,,,,,,,,,,,,,,,,
,,,,,,,,,,,,,,,,,,,
,,,,,,,,,,,,,,,,,,,
"to insert rows, do cmnd+=",,,,,,,,,,,,,,,,,,,
,,,,,,,,,,,,,,,,,,,
,,,,,,,,,,,,,,,,,,,
options:,options:,,options:,,,options:,,,,,,,,,,,,,
sgl322,recent,,clear vane,,,no,,,,,,,,,,,,,
besf,medium,,sticky,,,yes,,,,,,,,,,,,,
msf,unburned,,soil,,,partially,,,,,,,,,,,,,
sgl100,,,,,,,,,,,,,,,,,,,
sgl176,,,,,,,,,,,,,,,,,,,
